LGA_CODE_2021,Age_yr_0_M,Age_yr_0_F,Age_yr_0_P,Age_yr_1_M,Age_yr_1_F,Age_yr_1_P,Age_yr_2_M,Age_yr_2_F,Age_yr_2_P,Age_yr_3_M,Age_yr_3_F,Age_yr_3_P,Age_yr_4_M,Age_yr_4_F,Age_yr_4_P,Age_yr_0_4_M,Age_yr_0_4_F,Age_yr_0_4_P,Age_yr_5_M,Age_yr_5_F,Age_yr_5_P,Age_yr_6_M,Age_yr_6_F,Age_yr_6_P,Age_yr_7_M,Age_yr_7_F,Age_yr_7_P,Age_yr_8_M,Age_yr_8_F,Age_yr_8_P,Age_yr_9_M,Age_yr_9_F,Age_yr_9_P,Age_yr_5_9_M,Age_yr_5_9_F,Age_yr_5_9_P,Age_yr_10_M,Age_yr_10_F,Age_yr_10_P,Age_yr_11_M,Age_yr_11_F,Age_yr_11_P,Age_yr_12_M,Age_yr_12_F,Age_yr_12_P,Age_yr_13_M,Age_yr_13_F,Age_yr_13_P,Age_yr_14_M,Age_yr_14_F,Age_yr_14_P,Age_yr_10_14_M,Age_yr_10_14_F,Age_yr_10_14_P,Age_yr_15_M,Age_yr_15_F,Age_yr_15_P,Age_yr_16_M,Age_yr_16_F,Age_yr_16_P,Age_yr_17_M,Age_yr_17_F,Age_yr_17_P,Age_yr_18_M,Age_yr_18_F,Age_yr_18_P,Age_yr_19_M,Age_yr_19_F,Age_yr_19_P,Age_yr_15_19_M,Age_yr_15_19_F,Age_yr_15_19_P,Age_yr_20_M,Age_yr_20_F,Age_yr_20_P,Age_yr_21_M,Age_yr_21_F,Age_yr_21_P,Age_yr_22_M,Age_yr_22_F,Age_yr_22_P,Age_yr_23_M,Age_yr_23_F,Age_yr_23_P,Age_yr_24_M,Age_yr_24_F,Age_yr_24_P,Age_yr_20_24_M,Age_yr_20_24_F,Age_yr_20_24_P,Age_yr_25_M,Age_yr_25_F,Age_yr_25_P,Age_yr_26_M,Age_yr_26_F,Age_yr_26_P,Age_yr_27_M,Age_yr_27_F,Age_yr_27_P,Age_yr_28_M,Age_yr_28_F,Age_yr_28_P,Age_yr_29_M,Age_yr_29_F,Age_yr_29_P,Age_yr_25_29_M,Age_yr_25_29_F,Age_yr_25_29_P,Age_yr_30_M,Age_yr_30_F,Age_yr_30_P,Age_yr_31_M,Age_yr_31_F,Age_yr_31_P,Age_yr_32_M,Age_yr_32_F,Age_yr_32_P,Age_yr_33_M,Age_yr_33_F,Age_yr_33_P,Age_yr_34_M,Age_yr_34_F,Age_yr_34_P,Age_yr_30_34_M,Age_yr_30_34_F,Age_yr_30_34_P,Age_yr_35_M,Age_yr_35_F,Age_yr_35_P,Age_yr_36_M,Age_yr_36_F,Age_yr_36_P,Age_yr_37_M,Age_yr_37_F,Age_yr_37_P,Age_yr_38_M,Age_yr_38_F,Age_yr_38_P,Age_yr_39_M,Age_yr_39_F,Age_yr_39_P,Age_yr_35_39_M,Age_yr_35_39_F,Age_yr_35_39_P,Age_yr_40_M,Age_yr_40_F,Age_yr_40_P,Age_yr_41_M,Age_yr_41_F,Age_yr_41_P,Age_yr_42_M,Age_yr_42_F,Age_yr_42_P,Age_yr_43_M,Age_yr_43_F,Age_yr_43_P,Age_yr_44_M,Age_yr_44_F,Age_yr_44_P,Age_yr_40_44_M,Age_yr_40_44_F,Age_yr_40_44_P,Age_yr_45_M,Age_yr_45_F,Age_yr_45_P,Age_yr_46_M,Age_yr_46_F,Age_yr_46_P,Age_yr_47_M,Age_yr_47_F,Age_yr_47_P,Age_yr_48_M,Age_yr_48_F,Age_yr_48_P,Age_yr_49_M,Age_yr_49_F,Age_yr_49_P,Age_yr_45_49_M,Age_yr_45_49_F,Age_yr_45_49_P,Age_yr_50_M,Age_yr_50_F,Age_yr_50_P,Age_yr_51_M,Age_yr_51_F,Age_yr_51_P,Age_yr_52_M,Age_yr_52_F,Age_yr_52_P,Age_yr_53_M,Age_yr_53_F,Age_yr_53_P,Age_yr_54_M,Age_yr_54_F,Age_yr_54_P,Age_yr_50_54_M,Age_yr_50_54_F,Age_yr_50_54_P,Age_yr_55_M,Age_yr_55_F
LGA20110,52,53,97,54,49,103,66,51,117,53,36,93,66,58,124,283,251,539,59,54,115,82,54,132,64,55,117,77,81,153,74,80,152,352,323,681,72,65,137,84,68,152,72,80,159,93,97,188,94,86,184,417,398,810,94,76,164,78,62,138,70,71,146,50,52,104,73,46,113,359,303,666,46,47,97,53,50,101,55,46,100,44,47,98,63,67,127,265,255,516,62,46,109,72,52,125,59,44,99,65,67,129,57,57,119,317,272,592,56,66,122,56,63,114,64,49,112,46,71,125,63,64,130,289,313,607,60,68,133,70,82,144,67,62,131,74,70,141,66,74,142,336,354,689,71,85,156,82,92,174,50,60,114,84,89,169,76,85,158,368,402,772,77,91,169,71,84,160,81,100,176,102,104,209,84,98,185,413,475,891,98,104,202,84,90,175,86,76,162,98,80,174,65,93,155,427,438,870,92,92
LGA20260,46,67,111,40,45,85,72,57,139,66,52,119,68,59,125,293,283,578,76,51,129,68,56,125,49,49,107,61,57,124,64,71,138,326,283,614,56,57,110,74,60,129,66,53,123,58,60,127,67,64,130,322,295,615,59,57,119,53,52,101,74,67,133,54,54,109,52,43,93,290,269,557,65,58,116,59,56,119,48,54,103,61,44,109,60,52,112,293,268,560,80,55,142,85,40,125,63,58,123,76,56,132,86,63,154,394,287,678,101,56,155,92,75,165,79,77,155,76,71,138,83,57,143,424,335,764,74,60,130,78,75,146,82,51,137,75,50,128,71,53,119,377,281,663,59,75,133,57,63,124,73,46,123,76,51,131,76,72,145,347,304,649,80,71,153,72,56,126,83,80,161,70,62,132,78,62,144,380,329,712,76,75,150,96,81,172,92,73,168,86,70,156,83,75,159,431,379,805,99,74
LGA20570,643,644,1280,638,643,1283,658,645,1305,713,617,1330,674,736,1409,3324,3281,6608,795,701,1488,717,712,1431,750,696,1447,762,698,1455,772,702,1475,3791,3502,7288,751,677,1427,733,739,1480,780,751,1532,752,710,1462,812,717,1532,3825,3598,7424,735,725,1463,741,669,1414,723,720,1442,635,628,1263,669,677,1350,3508,3423,6927,707,727,1438,667,701,1359,723,768,1494,691,720,1406,768,734,1499,3558,3646,7198,817,802,1621,856,803,1655,814,833,1648,765,769,1526,765,851,1610,4011,4046,8066,805,763,1572,739,766,1501,729,737,1461,712,768,1478,694,756,1455,3676,3795,7470,695,806,1502,719,754,1472,680,792,1467,683,719,1405,669,734,1406,3444,3806,7245,658,784,1439,641,705,1341,652,724,1370,663,693,1350,582,735,1324,3189,3633,6826,656,705,1361,654,670,1327,690,748,1439,660,763,1417,678,790,1465,3329,3674,7009,720,783,1505,659,708,1372,696,738,1436,600,681,1283,570,668,1238,3252,3586,6842,575,712
LGA20660,679,695,1374,708,647,1351,690,670,1363,763,735,1499,785,683,1465,3625,3426,7052,773,752,1523,796,799,1597,824,741,1568,822,745,1572,795,770,1564,4015,3809,7822,764,742,1504,766,799,1560,771,704,1479,749,719,1468,771,776,1544,3816,3747,7559,764,673,1434,728,639,1371,728,641,1366,672,641,1313,734,615,1343,3621,3207,6832,678,657,1335,721,722,1439,718,673,1391,758,660,1417,754,666,1422,3625,3380,7008,726,685,1410,758,775,1536,746,725,1474,753,750,1500,749,813,1558,3728,3747,7476,780,830,1603,889,931,1818,860,914,1777,844,915,1755,883,936,1822,4254,4520,8773,828,881,1709,878,950,1832,865,994,1860,960,999,1958,941,924,1865,4474,4753,9226,912,940,1852,912,956,1860,870,918,1782,859,913,1771,820,852,1670,4362,4581,8941,806,964,1774,876,842,1718,851,920,1769,834,863,1697,898,906,1804,4267,4496,8760,854,925,1779,841,871,1707,797,882,1676,756,777,1527,714,754,1465,3952,4204,8151,740,786
LGA20740,165,165,333,153,162,313,187,186,373,205,193,395,214,214,428,920,921,1841,215,198,413,229,200,432,206,198,407,226,198,425,227,208,440,1104,1013,2118,244,232,479,196,201,397,212,200,405,258,218,474,218,233,447,1135,1074,2207,212,219,434,182,197,380,215,171,378,168,169,336,162,150,308,935,908,1842,162,119,275,156,141,292,137,141,279,145,140,284,137,155,294,744,684,1427,143,162,301,155,167,323,175,161,332,182,180,364,161,184,344,812,852,1668,169,197,367,165,212,380,179,188,370,171,249,423,194,188,385,884,1032,1914,200,230,429,203,214,415,205,253,458,232,216,452,198,222,420,1038,1142,2179,228,221,448,185,228,415,161,191,356,207,205,415,205,232,437,991,1079,2068,210,246,459,195,207,405,203,229,435,244,223,469,239,262,495,1090,1169,2262,256,278,535,246,236,484,226,286,511,259,261,518,259,244,504,1249,1306,2557,261,278
LGA20830,360,374,734,338,343,681,344,371,710,372,314,691,354,336,693,1764,1746,3507,385,372,758,361,347,711,344,366,712,389,343,731,363,343,707,1837,1777,3618,381,339,721,374,365,741,397,372,773,401,378,782,434,379,818,1998,1836,3838,339,349,691,337,335,674,338,335,676,293,313,607,279,280,559,1590,1615,3208,282,290,574,284,284,562,288,288,574,306,275,583,293,298,589,1455,1437,2884,304,362,661,322,360,684,316,355,674,341,394,731,348,390,736,1632,1853,3487,315,380,696,363,377,743,372,350,717,361,392,755,336,400,735,1742,1902,3647,339,361,700,378,374,749,330,342,673,295,362,654,313,351,662,1656,1786,3438,315,327,643,311,325,636,316,290,612,301,340,647,278,307,589,1525,1598,3126,304,369,677,255,319,573,329,349,680,333,316,654,356,377,730,1582,1734,3308,372,376,754,332,375,705,340,403,742,349,366,716,332,371,700,1725,1890,3616,309,344
LGA20910,392,453,845,387,408,790,469,433,900,488,446,932,469,507,976,2208,2246,4450,565,530,1094,588,537,1127,589,535,1129,636,625,1265,679,621,1296,3062,2850,5913,710,669,1380,692,740,1431,763,718,1478,759,749,1511,786,727,1510,3708,3607,7315,738,682,1417,715,693,1415,748,719,1465,752,647,1401,641,631,1263,3596,3369,6965,670,536,1209,634,553,1192,556,521,1076,469,413,878,438,414,854,2766,2442,5212,398,365,762,370,359,733,348,340,684,332,360,694,389,404,792,1835,1826,3659,358,402,762,369,437,804,401,464,865,427,480,909,419,488,909,1973,2277,4248,416,487,901,470,555,1028,507,589,1094,560,642,1195,521,663,1189,2470,2934,5407,585,670,1254,575,687,1264,589,665,1248,578,710,1289,637,707,1343,2967,3440,6406,653,760,1408,696,834,1526,715,836,1549,759,883,1643,783,888,1673,3606,4202,7808,847,1030,1877,834,943,1776,788,882,1672,811,780,1588,757,784,1538,4037,4418,8453,694,781
LGA21010,65,61,119,76,62,131,62,57,112,76,87,169,55,62,115,325,326,649,74,61,131,47,52,101,74,71,153,95,60,154,65,64,130,352,316,671,74,80,150,69,64,137,74,84,160,73,74,147,78,80,164,373,376,753,98,69,166,70,67,141,69,89,162,81,68,149,71,57,124,396,343,739,77,54,123,68,56,128,60,64,127,46,57,101,64,61,125,320,287,608,69,44,118,67,58,128,71,76,148,66,73,140,74,80,150,352,327,678,58,74,132,73,62,134,64,71,137,87,81,163,75,79,150,348,362,716,65,79,151,85,78,159,58,67,129,67,77,140,66,77,142,344,374,721,50,55,103,63,82,141,61,62,123,59,69,137,65,62,124,292,332,630,62,72,138,70,75,143,77,82,162,77,73,146,90,93,185,380,397,777,87,122,208,74,90,164,89,102,190,83,115,189,94,97,189,420,522,945,83,110
LGA21110,616,604,1217,626,608,1234,674,626,1301,716,702,1422,767,708,1479,3408,3246,6653,795,789,1578,874,865,1734,904,851,1758,1033,910,1943,1016,937,1948,4614,4354,8964,1017,984,2002,1144,1081,2228,1139,1132,2271,1257,1163,2425,1203,1186,2390,5760,5557,11314,1182,1141,2321,1285,1223,2508,1189,1165,2357,1215,1211,2427,1225,1107,2335,6100,5853,11950,1222,1183,2407,1276,1254,2525,1282,1250,2530,1247,1238,2485,1206,1151,2353,6229,6075,12306,1199,1127,2332,1175,1120,2295,1118,1072,2192,1052,1111,2161,1058,1074,2136,5601,5509,11115,1009,1035,2049,996,1050,2044,954,1075,2028,926,940,1871,935,1007,1939,4817,5104,9929,896,1028,1920,901,1028,1928,892,1003,1896,962,1137,2098,937,1158,2094,4584,5353,9931,968,1051,2021,1001,1098,2100,934,1155,2092,1007,1107,2109,978,1176,2152,4887,5584,10471,997,1182,2187,1024,1208,2231,1082,1267,2344,1077,1253,2328,1155,1379,2529,5332,6291,11624,1209,1420,2627,1136,1393,2529,1150,1355,2505,1096,1219,2314,1093,1123,2217,5680,6509,12187,1044,1154
LGA21180,1099,979,2076,1141,1089,2236,1153,1046,2200,1170,1117,2277,1156,1047,2201,5714,5274,10994,1240,1118,2356,1186,1138,2320,1207,1112,2323,1196,1194,2390,1239,1113,2351,6073,5666,11743,1150,1043,2191,1134,1080,2213,1130,1026,2155,1131,1065,2197,1171,1104,2280,5711,5319,11026,1058,1095,2155,1169,1086,2257,1156,1108,2266,1123,1078,2200,1136,1119,2251,5640,5489,11131,1320,1202,2525,1362,1313,2676,1397,1220,2615,1332,1247,2576,1645,1367,3013,7056,6349,13406,1780,1383,3160,1788,1484,3273,1765,1446,3210,1647,1486,3127,1504,1433,2932,8476,7230,15713,1536,1535,3071,1544,1546,3085,1475,1458,2934,1479,1478,2955,1436,1365,2795,7469,7374,14844,1408,1416,2828,1493,1426,2916,1412,1371,2782,1398,1438,2838,1313,1378,2695,7021,7025,14053,1310,1290,2601,1323,1246,2573,1269,1208,2477,1160,1217,2378,1148,1196,2344,6210,6158,12367,1198,1167,2368,1178,1265,2447,1154,1236,2382,1198,1311,2507,1216,1346,2561,5947,6322,12263,1213,1372,2587,1175,1220,2393,1180,1269,2450,1197,1239,2434,1141,1290,2429,5905,6393,12296,1222,1204
LGA21270,38,19,59,31,27,59,26,30,56,30,38,63,28,26,56,154,140,289,22,25,49,38,25,62,31,26,57,33,32,67,25,23,53,150,132,282,45,29,79,32,26,59,37,32,71,37,48,91,29,36,68,183,177,362,60,32,88,38,31,65,44,25,66,31,25,56,31,18,47,194,133,328,30,25,47,23,19,47,30,17,44,31,22,51,29,28,59,143,103,246,20,23,45,36,28,62,26,24,54,27,23,45,34,25,58,137,125,259,23,27,49,22,39,63,25,28,56,32,36,73,23,23,49,133,156,286,31,14,43,20,18,41,21,26,47,25,31,55,18,21,35,110,107,223,22,21,45,25,24,50,31,20,51,31,30,62,29,27,56,136,133,266,22,33,59,33,27,57,43,28,69,35,28,64,49,53,102,182,164,345,37,44,77,39,45,83,49,49,103,49,39,92,54,49,104,227,230,459,52,42
LGA21370,197,193,390,201,204,397,183,192,379,206,181,392,195,186,383,981,959,1939,222,195,417,213,203,412,227,221,445,239,262,503,247,213,461,1139,1102,2237,246,244,493,248,235,484,244,249,493,254,249,503,255,215,467,1244,1192,2435,254,237,487,256,226,486,239,213,454,224,198,430,203,155,357,1187,1033,2215,174,179,348,189,199,386,189,173,360,212,194,401,180,186,366,947,927,1876,172,194,367,194,214,410,208,188,396,195,189,386,196,192,384,971,980,1946,212,239,446,192,203,389,169,193,358,187,189,380,175,204,382,926,1025,1951,182,205,390,197,203,397,176,192,373,194,200,394,188,215,405,941,1015,1955,176,209,385,188,192,383,179,180,362,176,214,389,176,236,411,893,1031,1924,215,212,428,222,219,447,210,244,456,243,231,477,242,269,508,1140,1170,2311,265,262,524,232,261,495,240,269,507,250,281,535,258,284,541,1243,1361,2607,235,272
LGA21450,913,824,1742,897,892,1788,924,908,1830,910,895,1806,993,932,1926,4647,4453,9096,984,943,1931,1019,877,1899,946,893,1839,934,896,1831,956,888,1843,4843,4503,9344,897,854,1750,870,879,1748,829,797,1626,821,821,1634,815,751,1570,4233,4100,8332,864,765,1631,753,726,1476,760,676,1440,729,673,1400,691,643,1340,3797,3493,7280,675,700,1369,696,649,1355,750,752,1500,720,655,1375,733,732,1459,3577,3482,7063,730,754,1481,786,869,1659,853,894,1745,886,940,1827,915,995,1906,4166,4450,8617,924,1079,2004,988,1053,2039,919,1010,1927,939,1061,1997,981,1035,2014,4746,5240,9982,965,1104,2068,979,1017,1995,941,990,1929,940,861,1797,872,961,1828,4686,4928,9617,922,855,1779,799,781,1576,733,822,1550,790,722,1514,738,736,1472,3985,3912,7898,722,736,1460,734,763,1498,745,728,1479,753,783,1539,737,829,1560,3690,3839,7529,716,800,1516,709,729,1435,670,704,1375,635,663,1304,644,657,1303,3376,3556,6932,595,592
LGA21610,2767,2639,5404,2816,2641,5455,2778,2723,5505,2910,2708,5620,3040,2819,5856,14306,13534,27841,3051,2958,6016,2958,2895,5850,2957,2771,5724,2914,2772,5683,2833,2739,5573,14715,14138,28849,2802,2607,5409,2883,2619,5504,2616,2535,5152,2719,2441,5159,2645,2490,5132,13658,12697,26361,2482,2462,4942,2388,2338,4724,2378,2203,4580,2307,2153,4463,2326,2121,4455,11878,11278,23162,2366,2228,4589,2543,2412,4951,2531,2317,4847,2462,2395,4860,2669,2390,5059,12563,11746,24309,2634,2398,5034,2720,2534,5259,2658,2618,5281,2661,2680,5339,2542,2874,5416,13215,13109,26322,2661,2955,5613,2752,2910,5662,2699,3139,5844,2836,3197,6036,2967,3240,6207,13921,15442,29360,3017,3320,6338,3152,3335,6488,3119,3266,6389,3129,3125,6256,3160,3002,6165,15583,16044,31628,3051,2826,5876,2927,2747,5675,2646,2566,5208,2495,2425,4923,2397,2305,4697,13513,12865,26374,2384,2393,4776,2391,2411,4802,2218,2241,4458,2324,2315,4634,2312,2462,4778,11640,11815,23453,2342,2523,4864,2142,2255,4403,2197,2200,4398,2134,2108,4242,1931,1963,3895,10751,11053,21803,1966,2055
LGA21670,49,54,102,53,41,95,56,63,113,57,48,111,52,53,105,270,259,521,71,61,136,64,73,136,53,68,120,86,65,148,73,69,145,350,330,677,88,68,154,71,78,146,76,72,145,85,65,149,74,93,163,391,372,767,84,77,162,72,62,141,66,61,130,63,55,122,70,74,138,356,327,686,66,49,109,47,39,93,52,59,115,66,50,116,59,61,120,293,258,553,50,67,116,53,47,104,67,67,136,59,60,121,61,47,105,291,291,586,61,67,134,52,58,111,58,60,121,70,55,122,46,65,112,283,314,602,56,49,102,61,50,110,57,59,113,38,70,100,39,71,112,242,299,542,59,65,127,49,45,99,55,56,115,62,58,121,53,56,106,280,287,567,62,64,125,69,85,158,68,78,148,88,61,147,69,94,164,358,385,744,98,101,203,96,85,182,97,91,190,100,85,186,93,81,173,485,451,933,86,87
LGA21750,100,91,189,109,123,237,128,112,238,130,99,227,113,121,234,579,542,1123,140,129,266,119,119,238,124,119,246,143,132,274,136,125,255,662,618,1286,158,115,271,119,123,241,145,133,283,141,120,264,138,122,264,703,625,1327,135,119,255,135,114,248,123,127,252,133,107,238,126,97,224,653,564,1214,108,100,210,104,91,202,109,94,207,107,91,203,120,88,216,548,477,1025,109,113,227,131,128,259,143,121,267,129,122,252,141,139,275,656,625,1277,120,145,266,124,135,261,144,117,260,133,125,253,134,124,256,652,644,1294,139,122,261,112,126,238,128,125,258,138,120,257,109,140,252,629,635,1266,119,128,254,126,121,243,127,118,242,115,110,229,113,118,232,597,599,1199,115,114,232,143,122,265,151,134,285,119,160,278,140,126,272,667,657,1325,137,169,310,140,147,287,163,176,340,121,140,263,150,144,293,717,774,1490,138,160
LGA21830,69,67,133,78,74,151,74,67,143,86,82,160,89,75,159,395,359,748,67,83,158,77,103,181,89,71,159,99,85,188,104,106,211,437,447,884,97,108,198,107,103,213,99,70,171,127,104,233,126,109,235,555,492,1048,106,110,212,105,96,207,98,79,178,87,80,167,95,77,174,495,438,935,86,77,158,77,69,141,82,64,145,73,68,137,95,59,153,408,333,743,77,61,137,78,85,161,94,76,167,75,82,150,88,73,162,406,375,784,86,76,162,81,79,161,86,81,174,81,72,152,73,71,148,408,382,789,65,79,150,78,67,143,80,84,166,81,95,175,63,100,164,371,431,803,60,76,128,87,77,160,83,66,154,87,93,174,85,76,161,398,383,785,74,79,147,82,90,171,99,99,201,118,88,208,93,116,207,462,475,935,108,114,229,110,95,207,104,96,199,126,128,254,110,133,238,558,568,1127,115,110
LGA21890,816,802,1624,845,760,1605,824,766,1587,804,729,1531,771,774,1547,4062,3835,7896,735,733,1473,785,719,1502,805,696,1496,739,744,1477,710,716,1425,3764,3606,7378,691,667,1360,756,743,1498,699,649,1347,743,714,1460,763,663,1426,3652,3437,7091,696,673,1372,667,602,1274,677,674,1347,673,685,1352,658,719,1382,3376,3353,6729,733,789,1522,927,853,1785,954,923,1878,1030,988,2014,1121,1108,2227,4769,4657,9424,1235,1245,2479,1363,1339,2703,1357,1330,2681,1396,1524,2919,1359,1494,2847,6702,6929,13631,1494,1597,3096,1483,1651,3129,1405,1544,2944,1400,1512,2912,1413,1462,2876,7190,7761,14955,1411,1377,2785,1354,1435,2787,1214,1310,2524,1257,1284,2543,1199,1231,2423,6429,6636,13060,1168,1249,2408,1047,1139,2186,1026,1069,2097,1020,1089,2108,996,1030,2025,5246,5576,10830,1011,1011,2021,968,1047,2016,1005,1034,2042,991,1051,2043,1055,1098,2150,5040,5243,10280,1104,1190,2291,1001,1039,2033,962,1100,2065,994,949,1948,852,928,1775,4909,5200,10116,750,957
LGA22110,205,196,398,210,200,408,234,222,454,239,236,477,244,198,438,1127,1043,2173,281,258,533,254,217,469,254,241,492,231,250,484,248,275,523,1270,1240,2514,247,251,502,255,250,509,267,272,540,263,242,503,278,282,561,1310,1301,2613,272,250,520,239,223,456,251,228,485,231,220,449,222,177,401,1209,1099,2307,187,166,353,208,182,392,194,213,408,161,156,321,187,163,346,937,874,1816,198,177,378,189,209,392,203,215,421,225,242,466,184,244,429,1001,1085,2090,211,249,455,233,226,461,214,227,444,219,262,487,213,233,441,1096,1198,2291,225,209,443,243,254,500,209,256,460,216,213,428,193,228,422,1093,1166,2256,199,257,452,191,247,440,199,244,449,220,234,454,214,228,438,1033,1203,2237,240,249,488,233,256,493,238,273,515,275,299,577,268,279,548,1260,1355,2611,283,337,618,252,304,554,289,328,620,277,329,614,261,334,599,1367,1638,3002,291,324
LGA22170,861,837,1702,892,910,1800,863,808,1666,838,865,1707,891,833,1722,4342,4259,8599,954,832,1789,882,850,1730,890,817,1710,908,856,1768,943,876,1817,4576,4238,8813,822,809,1633,874,839,1716,880,843,1722,826,828,1657,894,806,1702,4295,4128,8422,889,816,1708,818,765,1584,845,708,1547,791,699,1485,789,709,1503,4132,3696,7827,787,819,1602,710,769,1479,807,757,1561,763,762,1525,831,753,1587,3893,3863,7760,807,808,1616,877,852,1731,858,912,1773,901,969,1870,978,959,1941,4421,4506,8927,987,1054,2037,987,1053,2034,902,1026,1934,1028,1091,2115,984,1040,2025,4891,5263,10152,1062,1116,2168,1014,1061,2074,998,1058,2049,992,1084,2079,907,1014,1917,4969,5323,10290,910,1017,1926,943,961,1908,938,1002,1940,876,962,1839,921,876,1799,4581,4825,9403,910,884,1792,869,919,1787,967,1029,1994,969,977,1948,1029,1060,2090,4739,4865,9601,1007,1068,2074,903,952,1855,927,942,1866,875,911,1789,871,924,1790,4580,4800,9381,791,883
LGA22250,36,48,91,40,44,84,54,57,109,54,52,106,39,52,96,231,257,486,64,57,115,44,60,103,60,54,111,55,60,119,60,61,122,277,288,565,72,48,124,63,62,132,60,49,110,69,57,128,54,72,132,325,296,617,71,55,119,54,59,115,42,57,99,37,48,85,46,33,76,242,243,494,48,37,91,51,31,83,47,35,86,49,43,97,49,39,88,242,198,438,40,32,73,44,56,101,43,28,70,58,51,105,54,47,106,238,218,454,43,48,89,47,41,88,40,39,81,45,48,88,40,54,88,206,223,430,45,46,94,40,55,96,41,65,109,64,58,122,51,50,106,252,275,521,47,44,92,50,45,94,53,51,104,51,46,96,48,53,104,250,243,489,54,48,104,45,41,88,50,79,132,54,62,118,64,58,118,275,287,553,74,69,145,71,83,148,63,78,138,67,67,140,88,80,165,359,374,732,83,85
LGA22310,771,775,1540,786,702,1484,756,744,1506,836,809,1647,840,757,1592,3984,3787,7772,887,835,1723,909,859,1763,924,887,1812,931,878,1809,904,940,1834,4552,4391,8943,910,847,1755,950,916,1866,1030,946,1970,1014,913,1921,952,892,1841,4852,4509,9365,949,852,1801,882,836,1718,852,845,1692,838,781,1617,761,751,1515,4276,4062,8338,857,843,1697,961,905,1868,884,947,1830,969,967,1936,1095,1033,2132,4766,4695,9462,1114,1046,2154,1122,1106,2228,1104,1140,2237,1135,1145,2280,1150,1174,2325,5624,5602,11231,1118,1212,2328,1146,1212,2363,1060,1145,2213,1045,1091,2133,1047,1134,2176,5415,5792,11212,1136,1142,2279,1051,1240,2288,1087,1169,2250,1159,1195,2354,1078,1159,2235,5504,5903,11407,1062,1171,2232,1031,1049,2083,1002,1065,2066,972,1089,2060,1003,1043,2043,5074,5416,10491,973,1024,1994,1044,1080,2125,960,1084,2046,1030,1092,2116,1020,1100,2119,5031,5367,10395,1048,1161,2209,942,1079,2016,928,1077,2006,937,980,1917,867,967,1833,4719,5260,9989,832,875
LGA22410,84,93,174,109,89,193,111,87,189,86,87,167,84,87,175,463,443,904,106,100,203,82,104,192,98,111,210,114,89,210,115,110,222,518,517,1036,114,96,206,125,112,243,85,117,195,121,103,230,146,126,275,590,555,1146,103,106,210,115,96,212,135,116,245,122,113,236,105,88,190,578,519,1091,96,70,164,93,64,158,93,75,177,86,82,167,97,95,192,471,386,852,83,83,169,109,104,219,108,96,206,105,107,215,89,79,172,499,481,979,68,92,161,90,91,178,90,78,164,73,125,196,90,93,182,409,477,888,104,99,200,75,102,188,104,128,224,103,115,216,98,106,210,485,553,1034,107,96,197,83,69,149,102,123,228,106,105,211,112,123,235,501,513,1018,103,134,235,118,124,246,125,130,251,138,130,268,122,148,274,609,671,1278,127,142,274,118,120,244,146,118,264,143,147,296,147,172,313,689,705,1391,140,170
LGA22490,177,136,309,159,132,292,139,154,285,167,148,313,166,174,340,803,741,1541,211,203,415,188,190,379,200,202,397,206,183,393,201,189,396,1013,968,1981,207,160,364,228,174,400,222,190,412,186,192,381,233,184,423,1070,912,1985,188,193,382,210,165,379,174,157,333,164,156,324,136,129,276,875,802,1681,144,119,261,127,105,233,131,104,231,118,88,207,95,101,201,614,516,1129,100,89,193,108,83,189,111,112,225,114,117,228,139,119,254,566,520,1086,144,132,275,152,142,292,108,159,269,147,151,297,172,146,322,723,736,1458,146,173,314,162,171,333,145,186,324,163,181,345,164,188,353,776,899,1676,152,153,307,172,174,348,153,165,319,166,166,331,177,197,379,821,854,1678,158,172,333,179,161,345,193,161,353,200,177,377,220,222,441,952,896,1852,189,219,406,182,202,386,198,178,367,179,156,332,183,175,351,925,924,1845,162,167
LGA22620,679,708,1390,726,687,1416,728,683,1413,706,750,1453,776,702,1477,3620,3519,7147,745,763,1507,791,700,1493,839,770,1602,754,796,1554,857,782,1638,3977,3819,7795,804,711,1519,790,705,1497,870,719,1591,801,750,1558,839,791,1632,4112,3684,7797,750,747,1497,685,679,1363,699,680,1383,703,680,1382,690,702,1396,3525,3492,7017,724,683,1410,719,724,1445,702,788,1494,736,733,1470,712,721,1436,3601,3650,7245,753,746,1498,774,789,1560,752,827,1581,763,827,1590,795,832,1633,3837,4029,7866,757,825,1583,721,858,1576,788,769,1561,748,834,1579,690,837,1524,3710,4117,7832,788,829,1611,748,828,1577,692,779,1474,740,786,1522,664,774,1433,3632,3984,7622,692,795,1484,635,725,1362,630,700,1330,749,762,1508,639,731,1369,3351,3709,7055,648,719,1367,691,742,1430,712,739,1459,700,815,1518,736,796,1532,3490,3813,7298,773,840,1613,713,725,1436,737,725,1464,698,793,1487,655,715,1368,3576,3790,7370,655,771
LGA22670,967,909,1877,992,896,1890,1027,1002,2030,1021,907,1925,949,953,1904,4951,4671,9620,1020,878,1902,962,901,1861,994,874,1869,945,919,1860,916,921,1841,4841,4493,9330,832,833,1671,846,824,1666,835,839,1676,879,896,1765,877,805,1681,4260,4195,8453,874,801,1673,862,784,1647,890,876,1769,888,837,1726,901,884,1782,4412,4188,8601,1144,965,2107,1241,1125,2365,1110,1021,2134,1155,1096,2248,1360,1179,2534,6008,5378,11392,1576,1262,2839,1598,1264,2862,1581,1278,2859,1527,1381,2904,1484,1357,2836,7765,6538,14305,1513,1308,2818,1388,1328,2715,1360,1352,2712,1369,1225,2595,1393,1240,2630,7024,6455,13478,1304,1229,2532,1257,1268,2525,1257,1216,2470,1339,1284,2620,1320,1159,2478,6477,6150,12630,1237,1128,2365,1153,1063,2216,1066,1010,2077,993,924,1917,917,924,1838,5362,5054,10412,949,933,1885,1013,952,1965,900,952,1850,950,934,1894,954,934,1888,4769,4711,9473,949,967,1919,946,893,1844,887,879,1768,923,869,1790,852,814,1667,4571,4421,8991,885,832
LGA22750,1570,1552,3114,1585,1499,3083,1577,1505,3084,1626,1446,3075,1616,1504,3113,7975,7500,15470,1657,1579,3233,1707,1645,3347,1682,1677,3364,1674,1569,3242,1694,1555,3251,8416,8020,16437,1577,1481,3058,1602,1626,3225,1623,1537,3165,1608,1540,3153,1705,1554,3266,8124,7743,15865,1519,1445,2968,1533,1468,2997,1519,1452,2970,1561,1463,3021,1581,1553,3132,7711,7379,15088,1657,1606,3262,1717,1722,3431,1690,1650,3347,1796,1691,3487,1893,1788,3680,8754,8452,17203,1945,1826,3771,2145,1886,4029,1958,1908,3866,1914,1875,3796,1937,1921,3856,9900,9421,19318,1923,1875,3798,1882,1989,3875,1849,1948,3799,1783,1894,3672,1830,1911,3741,9264,9616,18884,1849,1950,3798,1779,1902,3683,1828,1858,3687,1678,1860,3544,1745,1805,3551,8884,9379,18266,1652,1733,3381,1544,1663,3204,1554,1677,3235,1518,1648,3171,1509,1651,3158,7778,8367,16146,1581,1627,3216,1566,1756,3323,1642,1727,3374,1601,1748,3343,1761,1853,3613,8150,8715,16864,1682,1775,3453,1540,1718,3262,1519,1687,3206,1494,1632,3122,1475,1603,3078,7710,8412,16120,1427,1541
LGA22830,405,372,780,445,376,823,417,392,814,492,417,910,401,358,760,2158,1927,4084,474,437,913,449,451,901,443,440,885,463,451,916,494,445,937,2323,2227,4547,449,418,870,498,442,942,479,434,913,520,425,942,467,450,917,2413,2170,4591,499,413,914,431,385,818,453,375,827,410,401,810,392,363,756,2187,1933,4124,402,353,752,362,343,710,389,377,764,408,365,776,402,443,840,1961,1881,3838,423,435,859,425,449,879,448,467,915,427,448,871,444,464,905,2167,2263,4427,438,435,871,454,495,947,441,443,884,411,454,865,435,458,897,2189,2283,4466,423,446,874,446,424,864,385,421,807,422,437,862,374,418,789,2044,2146,4188,378,433,811,411,420,833,379,407,785,392,413,803,364,391,759,1921,2060,3985,394,380,778,387,440,832,412,419,834,446,410,853,466,422,884,2098,2076,4180,431,482,909,461,423,882,470,451,914,415,412,830,413,401,814,2186,2167,4351,407,445
LGA22910,64,72,141,67,48,115,56,92,144,76,62,140,76,63,145,337,337,677,59,68,129,91,70,165,77,79,156,101,73,175,97,81,176,423,371,788,81,79,162,88,81,167,89,106,187,108,84,187,88,95,177,442,443,888,79,93,174,78,78,148,88,74,161,66,58,132,64,49,114,379,353,724,51,51,105,55,40,88,45,49,92,51,35,80,45,41,93,244,219,462,53,44,92,29,68,96,66,59,125,70,55,126,61,73,133,279,296,575,68,56,129,71,67,134,74,91,164,85,76,161,58,72,134,357,365,721,76,69,147,82,86,167,84,65,154,91,104,191,76,98,174,409,425,830,70,107,173,85,85,171,83,95,178,101,91,195,96,103,197,434,480,919,92,100,193,100,105,203,106,118,223,120,109,227,137,132,268,546,566,1113,138,133,274,127,124,252,129,173,300,121,120,237,122,128,251,640,677,1313,113,155
LGA22980,31,30,64,27,24,45,35,19,49,31,41,69,23,30,55,137,147,285,22,34,56,20,27,44,33,21,51,33,28,59,29,31,58,143,139,277,28,24,51,23,38,61,32,30,64,29,28,56,32,22,53,145,143,284,31,34,60,41,30,67,34,24,62,32,20,58,41,25,63,178,131,303,22,12,36,20,19,34,25,18,46,23,19,45,28,29,55,119,101,214,20,32,51,32,28,58,32,34,67,27,33,59,44,35,76,159,158,311,31,20,55,23,39,59,40,28,68,26,35,68,21,31,49,144,153,298,25,22,46,20,33,55,28,33,54,36,33,69,21,20,41,122,146,268,31,12,44,25,27,50,30,20,50,33,21,57,27,29,60,144,121,265,25,27,46,22,25,48,24,37,63,38,35,71,24,27,56,135,153,285,34,45,74,39,43,81,30,45,76,41,34,72,34,37,68,172,204,375,33,31
LGA23110,575,518,1099,615,545,1159,620,594,1215,577,544,1123,656,531,1190,3035,2739,5775,613,586,1197,577,558,1138,602,572,1171,577,600,1178,568,572,1139,2936,2889,5818,531,563,1091,580,548,1120,545,524,1065,502,512,1014,537,501,1043,2688,2646,5342,464,468,932,466,433,903,446,437,878,462,433,896,443,432,869,2278,2202,4474,451,413,869,454,443,897,455,412,870,520,410,930,501,491,992,2378,2180,4555,539,500,1042,605,518,1126,528,538,1065,611,600,1211,582,619,1198,2863,2779,5644,613,650,1262,675,678,1353,637,695,1332,675,735,1412,676,744,1420,3268,3516,6788,701,770,1473,728,773,1502,713,739,1452,731,763,1496,735,761,1498,3609,3805,7415,733,766,1495,670,699,1366,697,700,1395,630,687,1321,625,631,1254,3351,3478,6832,630,657,1295,596,684,1283,620,631,1256,676,659,1338,628,688,1320,3154,3332,6485,645,724,1366,621,692,1312,623,644,1267,631,632,1265,543,660,1198,3063,3350,6415,560,552
LGA23190,94,100,195,109,115,227,130,122,249,114,145,258,109,127,237,560,606,1166,127,119,246,159,118,275,136,114,251,138,110,247,117,124,244,683,582,1260,124,124,255,136,127,262,143,125,268,134,138,273,146,120,264,682,632,1314,124,134,258,128,104,235,122,112,235,131,105,238,138,100,235,644,549,1196,118,110,225,122,111,231,112,108,223,109,129,234,121,121,240,571,575,1149,103,132,231,120,130,254,149,120,271,134,126,262,132,127,259,636,642,1276,123,147,273,142,144,287,118,137,256,111,100,210,134,124,256,628,650,1280,135,137,269,119,126,250,110,125,236,116,94,208,106,126,231,585,608,1192,108,120,232,81,86,171,89,104,201,118,132,247,119,110,228,513,561,1072,95,127,225,126,146,271,114,125,235,109,117,234,104,133,232,546,650,1195,130,120,255,123,134,257,110,121,229,117,129,251,125,111,235,611,621,1230,122,139
LGA23270,1894,1740,3637,1942,1804,3745,1928,1841,3775,2025,1879,3900,1978,1823,3797,9764,9088,18851,1953,1850,3801,1960,1821,3780,2005,1844,3849,1963,1861,3822,1864,1805,3668,9741,9181,18924,1778,1749,3525,1766,1708,3472,1763,1609,3369,1779,1574,3346,1674,1589,3267,8760,8220,16979,1632,1552,3185,1584,1512,3101,1511,1425,2939,1576,1491,3067,1536,1403,2943,7839,7385,15225,1692,1500,3191,1685,1622,3308,1719,1578,3296,1710,1566,3273,1821,1696,3514,8621,7961,16584,1830,1718,3548,1944,1794,3745,1928,1834,3766,1894,1959,3854,1927,1965,3889,9523,9273,18796,2024,2113,4135,1977,2224,4200,2041,2205,4251,2141,2230,4370,2169,2164,4337,10357,10941,21296,2094,2258,4354,2106,2146,4257,2056,1977,4034,2079,2024,4102,1981,1857,3844,10317,10270,20584,1885,1833,3722,1725,1716,3447,1655,1621,3279,1600,1532,3130,1523,1501,3027,8397,8203,16597,1492,1403,2892,1392,1437,2827,1400,1469,2866,1384,1430,2816,1435,1495,2936,7103,7236,14335,1368,1634,2998,1438,1532,2968,1461,1486,2946,1341,1455,2804,1318,1344,2662,6932,7451,14379,1391,1407
LGA23350,74,65,133,100,81,183,97,85,181,74,98,171,99,76,179,450,400,849,93,93,186,108,106,217,80,93,177,110,100,208,118,98,216,507,497,1003,117,117,234,110,111,220,130,105,231,122,129,252,126,130,256,601,586,1187,109,118,228,85,117,203,119,114,231,91,92,183,88,54,140,492,493,985,63,71,131,53,62,117,73,53,128,51,55,106,54,54,110,293,294,592,58,69,131,57,60,118,75,67,141,69,61,138,82,89,172,349,342,687,89,67,155,66,69,141,78,70,146,70,86,156,82,93,172,385,386,771,86,93,174,84,90,177,85,87,171,81,110,191,102,105,201,433,481,916,92,86,176,92,105,203,96,120,215,102,112,221,96,115,209,487,545,1031,111,115,224,119,101,220,106,129,241,100,137,233,138,136,272,573,617,1191,111,139,251,122,113,233,133,149,282,122,138,262,113,119,231,605,657,1261,115,117
LGA23430,881,811,1692,877,840,1715,888,823,1712,869,823,1692,878,921,1799,4389,4222,8611,961,879,1844,928,908,1837,942,908,1853,994,949,1940,914,889,1807,4743,4534,9279,968,914,1882,933,905,1843,947,911,1862,976,857,1838,973,920,1898,4807,4516,9316,906,895,1799,910,840,1749,890,848,1740,844,835,1681,809,810,1620,4365,4234,8594,828,816,1643,859,808,1675,853,815,1673,893,781,1672,908,771,1679,4345,3998,8339,1009,843,1848,982,874,1859,980,896,1873,950,927,1881,948,929,1879,4872,4465,9336,982,1057,2041,941,1095,2033,990,1065,2056,1044,1082,2128,1098,1159,2251,5060,5448,10510,1074,1183,2261,1016,1173,2188,1101,1228,2326,1202,1233,2437,1062,1198,2261,5456,6017,11475,1153,1243,2400,1083,1185,2267,1078,1145,2218,1064,1118,2190,1106,1101,2212,5480,5801,11283,995,1103,2098,1117,1170,2288,1096,1239,2335,1165,1176,2341,1194,1257,2453,5571,5939,11514,1167,1310,2480,1128,1251,2381,1088,1170,2256,1008,1106,2106,1013,1091,2109,5404,5927,11336,962,1031
LGA23670,839,742,1579,837,846,1681,845,828,1671,829,835,1669,937,892,1831,4291,4146,8428,971,919,1896,960,876,1831,947,939,1889,979,929,1907,963,923,1878,4823,4592,9408,985,859,1841,1018,837,1852,971,864,1838,992,910,1901,991,846,1844,4956,4319,9275,976,921,1892,976,885,1864,959,863,1818,983,892,1868,955,915,1874,4843,4472,9314,951,867,1820,1011,983,1995,1057,913,1968,1027,937,1960,995,925,1919,5036,4627,9661,1008,941,1952,987,928,1917,927,911,1837,956,951,1911,952,952,1910,4828,4691,9518,1002,1001,1999,1044,1077,2123,1030,1125,2149,1086,1121,2204,1038,1185,2224,5196,5505,10703,1091,1187,2276,1101,1160,2263,1183,1173,2355,1081,1137,2214,1064,1224,2284,5516,5879,11394,1138,1123,2270,1093,1166,2265,1073,1123,2196,1036,1034,2069,1015,1071,2086,5361,5525,10882,990,1069,2059,1042,1064,2105,1072,1090,2158,1016,1152,2171,1048,1149,2201,5165,5529,10687,1116,1206,2322,1055,1173,2229,1018,1147,2163,1000,1095,2092,998,1056,2051,5194,5671,10861,980,1099
LGA23810,418,402,820,443,416,863,410,388,797,451,438,891,449,474,919,2174,2120,4295,508,409,918,457,438,891,487,467,951,505,453,959,474,439,910,2435,2200,4636,496,503,997,465,452,914,510,455,972,502,469,963,495,431,919,2465,2303,4767,463,450,910,419,408,828,483,410,896,482,403,888,393,441,832,2234,2110,4347,443,404,847,414,436,848,423,433,856,426,430,853,431,457,891,2141,2157,4299,453,412,859,472,517,992,544,538,1081,477,517,995,520,515,1034,2450,2508,4962,455,517,972,459,512,979,448,509,956,477,507,977,464,499,970,2304,2544,4848,495,536,1030,451,495,949,423,490,918,444,429,878,408,502,906,2229,2448,4675,417,458,873,412,414,826,387,428,815,407,384,791,422,459,883,2047,2146,4192,405,424,832,412,417,832,401,456,859,422,505,929,472,498,966,2114,2300,4412,494,563,1056,483,495,982,468,527,994,466,433,905,477,496,975,2385,2514,4905,457,533
LGA23940,35,16,51,28,41,68,39,27,62,26,41,67,34,31,65,162,153,317,38,35,75,24,46,69,34,49,73,38,34,76,43,38,77,177,199,373,43,41,87,53,51,101,59,53,109,48,43,95,35,41,82,237,235,469,44,48,92,36,40,72,45,48,95,34,33,63,34,28,67,189,200,387,31,29,63,28,23,54,24,27,51,29,28,54,27,23,49,137,126,264,25,29,56,20,28,45,29,31,61,30,37,69,18,29,45,117,159,275,40,45,80,35,38,75,37,44,72,29,22,50,31,31,63,169,171,342,27,34,61,21,34,56,37,41,78,50,35,81,18,28,48,162,173,330,39,37,75,26,37,65,44,35,81,32,28,60,51,39,84,189,177,364,46,34,73,41,52,97,39,43,87,27,44,72,65,44,106,219,218,438,43,65,105,59,60,117,63,58,118,56,46,100,59,50,111,280,270,550,57,57
LGA24130,224,269,497,269,263,533,319,288,608,301,290,592,323,307,629,1437,1418,2854,406,392,789,348,338,682,388,376,768,380,345,725,399,380,784,1919,1830,3750,364,348,709,393,341,738,367,369,734,375,359,735,348,359,702,1851,1774,3624,387,345,735,394,339,731,340,352,691,300,274,576,286,257,536,1703,1566,3268,267,254,520,255,212,472,214,204,416,213,167,379,182,174,356,1131,1011,2138,196,192,389,189,187,371,208,183,386,193,227,420,201,227,433,991,1010,2002,229,218,449,212,259,467,232,271,506,256,259,514,248,286,531,1175,1290,2468,273,287,563,304,355,665,305,324,626,288,325,612,285,380,667,1455,1667,3123,364,383,747,283,374,654,372,351,727,339,363,702,340,388,721,1686,1865,3555,327,372,695,407,412,812,361,427,789,358,386,744,421,427,846,1876,2017,3893,413,463,878,386,415,796,386,430,813,324,381,704,380,366,747,1885,2063,3947,309,344
LGA24210,475,478,955,549,530,1073,535,570,1103,538,588,1125,682,616,1297,2777,2778,5556,725,655,1385,727,675,1401,738,656,1390,760,803,1563,781,691,1473,3726,3482,7218,791,754,1549,709,699,1412,733,711,1445,810,693,1502,754,714,1471,3796,3572,7371,756,673,1429,782,680,1467,817,744,1556,780,661,1443,746,711,1460,3883,3476,7356,778,694,1473,806,681,1488,760,680,1443,792,687,1485,763,692,1459,3900,3442,7339,646,646,1294,680,593,1275,642,593,1231,642,623,1262,606,632,1241,3202,3099,6300,652,669,1328,737,664,1400,672,765,1438,687,755,1448,688,778,1467,3443,3643,7084,692,783,1472,712,856,1563,775,838,1612,759,908,1669,793,927,1719,3728,4315,8040,817,849,1665,790,823,1618,762,824,1584,708,807,1514,799,840,1635,3877,4141,8021,734,820,1558,720,819,1540,812,860,1675,750,872,1617,787,905,1695,3804,4280,8077,900,981,1881,819,895,1716,848,887,1735,849,866,1709,754,843,1593,4168,4472,8636,811,927
LGA24250,34,37,70,40,39,77,39,51,89,47,33,82,35,53,87,188,211,397,60,51,111,57,60,117,56,52,111,64,53,115,68,60,125,298,283,584,70,61,132,65,52,118,73,68,139,60,56,109,105,151,258,372,394,763,107,138,243,40,47,91,34,43,81,45,41,84,38,30,63,258,300,557,37,23,60,33,37,71,40,19,57,22,29,51,34,34,64,170,138,304,32,38,73,38,58,92,50,58,108,43,51,103,43,40,83,214,242,456,50,42,92,43,36,76,42,47,83,36,32,69,37,51,88,205,206,414,47,58,103,58,56,113,49,45,94,52,64,114,46,71,123,256,293,551,50,69,117,61,75,133,51,47,99,65,53,120,64,50,107,287,288,575,60,63,119,55,62,116,57,57,114,64,54,117,60,62,124,291,293,584,65,70,133,74,70,144,48,69,122,67,65,135,60,52,116,318,328,647,60,80
LGA24330,564,498,1066,532,490,1026,524,484,1013,484,467,953,437,449,886,2550,2395,4942,525,411,936,435,451,885,478,420,897,518,429,948,416,374,791,2371,2088,4457,410,364,773,424,399,826,428,362,794,387,359,745,368,355,727,2021,1838,3861,346,345,695,336,317,656,331,354,689,325,319,644,371,374,746,1723,1707,3426,473,465,936,503,511,1017,505,525,1029,625,547,1171,744,671,1420,2853,2725,5577,864,793,1664,978,886,1865,986,850,1838,1004,992,1993,949,1005,1948,4782,4522,9302,937,984,1923,1020,1046,2065,994,987,1988,1013,1038,2048,1005,926,1924,4969,4982,9948,924,891,1821,890,856,1744,928,835,1765,812,887,1705,798,746,1553,4358,4218,8578,705,729,1434,664,655,1313,711,680,1388,627,601,1229,650,664,1317,3353,3330,6686,630,590,1224,620,609,1229,596,588,1186,585,613,1202,528,560,1090,2965,2969,5929,539,575,1111,543,512,1054,508,493,999,471,496,968,416,450,868,2479,2521,4997,457,477
LGA24410,636,668,1308,692,681,1374,684,658,1345,700,655,1350,796,699,1491,3504,3359,6862,744,673,1420,777,722,1496,756,678,1432,774,733,1505,691,705,1400,3743,3511,7251,697,663,1358,712,719,1433,745,635,1380,701,658,1360,705,674,1384,3562,3342,6912,706,676,1382,677,566,1240,669,636,1299,659,609,1265,701,591,1294,3409,3074,6483,683,613,1297,632,601,1234,650,621,1271,723,625,1349,653,631,1286,3342,3102,6438,630,654,1284,694,690,1389,646,692,1335,715,722,1436,747,756,1506,3430,3512,6948,771,832,1601,728,837,1566,792,855,1649,780,880,1657,777,841,1618,3853,4237,8088,856,924,1782,851,909,1762,841,958,1802,848,968,1818,824,919,1745,4218,4689,8910,830,850,1684,808,798,1603,841,829,1668,732,744,1473,742,789,1526,3943,4013,7959,743,772,1513,793,799,1597,721,812,1533,780,854,1634,791,823,1615,3828,4059,7891,780,854,1628,701,771,1471,732,834,1559,685,766,1456,673,680,1356,3566,3907,7478,617,762
LGA24600,522,553,1073,503,464,968,428,407,841,391,349,740,390,342,731,2238,2116,4354,344,376,715,325,342,666,317,307,621,330,294,624,314,240,556,1630,1554,3188,250,254,507,276,228,509,242,272,514,231,242,473,298,261,562,1294,1262,2554,238,226,460,292,287,573,273,271,545,680,893,1571,1336,1815,3159,2817,3493,6310,1997,2250,4255,2265,2501,4768,2262,2606,4868,2472,2845,5312,2796,3186,5985,11789,13392,25180,2952,3223,6170,2910,3180,6090,2947,3131,6078,2910,2865,5772,2846,2694,5546,14562,15092,29656,2648,2657,5305,2569,2511,5079,2492,2357,4845,2247,2001,4244,2054,1773,3825,12003,11298,23304,1757,1673,3429,1679,1462,3139,1530,1363,2894,1419,1217,2635,1237,1125,2370,7626,6834,14462,1120,1029,2150,1043,857,1896,914,774,1690,881,689,1563,766,639,1401,4721,3985,8706,715,647,1359,666,605,1274,650,619,1270,613,634,1245,595,567,1160,3233,3071,6306,571,650,1221,573,540,1116,585,558,1144,511,534,1046,475,431,900,2716,2719,5432,503,530
LGA24650,1333,1371,2706,1460,1365,2828,1583,1427,3006,1482,1427,2906,1481,1532,3018,7342,7119,14460,1587,1536,3120,1578,1473,3048,1601,1495,3092,1572,1461,3030,1470,1528,3004,7809,7488,15297,1506,1435,2946,1379,1413,2796,1332,1355,2689,1356,1354,2711,1351,1340,2692,6933,6906,13832,1237,1239,2477,1213,1157,2367,1185,1158,2343,1159,1097,2256,1082,1037,2120,5878,5685,11568,1133,1009,2141,1185,1062,2245,1208,1060,2273,1168,1039,2208,1176,1067,2247,5868,5252,11121,1193,1194,2387,1273,1191,2462,1270,1292,2562,1230,1328,2554,1210,1429,2638,6174,6432,12607,1386,1484,2865,1419,1594,3017,1510,1601,3110,1602,1771,3376,1664,1688,3354,7594,8126,15717,1692,1749,3437,1656,1673,3331,1662,1644,3306,1640,1643,3279,1518,1493,3012,8166,8202,16366,1563,1527,3088,1479,1456,2934,1423,1430,2851,1387,1306,2693,1289,1316,2602,7133,7038,14168,1280,1182,2465,1314,1266,2582,1308,1204,2513,1252,1184,2435,1190,1214,2404,6350,6048,12398,1086,1139,2227,1065,1041,2102,998,1038,2038,973,994,1963,836,926,1766,4953,5138,10093,864,874
LGA24780,308,307,610,332,306,640,318,336,647,323,298,620,365,375,742,1638,1617,3260,361,377,743,329,363,695,388,348,734,355,328,684,389,370,761,1824,1785,3613,357,350,715,389,352,739,392,370,754,376,338,713,402,355,757,1914,1763,3680,377,343,716,346,321,669,342,348,693,306,317,620,309,270,574,1680,1600,3279,325,290,617,307,284,593,309,311,622,347,315,661,356,329,686,1650,1526,3176,376,380,761,395,392,788,364,387,753,358,367,728,370,412,778,1861,1942,3806,439,413,852,370,429,801,376,374,749,353,376,730,374,318,690,1903,1909,3818,321,341,665,343,386,729,334,348,677,331,338,668,337,364,697,1656,1773,3432,314,340,654,304,369,676,296,331,632,344,344,688,318,313,636,1580,1706,3285,328,336,674,303,331,635,321,391,710,324,355,681,355,360,718,1633,1785,3412,397,436,832,327,369,699,368,362,731,345,373,719,363,322,688,1806,1855,3665,353,338
LGA24850,359,346,700,343,331,673,361,360,722,392,323,713,373,324,690,1821,1682,3505,371,340,709,368,359,724,360,349,716,360,316,676,354,337,691,1809,1702,3508,353,348,696,360,342,698,360,308,672,307,292,600,348,298,647,1727,1585,3311,334,304,637,305,253,559,297,281,575,324,295,616,350,263,612,1610,1392,3002,308,256,565,323,260,578,341,268,608,320,242,560,317,260,574,1605,1280,2886,297,297,597,325,290,608,327,371,697,313,348,659,322,384,709,1582,1690,3272,379,352,728,372,400,772,330,375,708,368,391,758,380,398,775,1830,1917,3746,407,367,774,366,368,731,362,345,708,352,359,710,316,312,629,1803,1755,3556,303,352,656,298,314,612,270,261,529,303,304,600,289,299,593,1463,1520,2987,309,288,596,274,318,596,300,337,637,302,325,627,312,359,665,1494,1622,3118,348,329,677,347,333,675,321,329,651,299,317,620,304,309,617,1614,1630,3248,346,283
LGA24900,144,123,261,162,144,300,143,154,302,166,168,328,151,143,288,755,725,1478,193,137,331,159,157,319,174,177,353,199,172,367,197,160,349,912,806,1724,178,171,351,191,179,368,180,199,378,179,189,370,192,184,378,929,920,1849,173,174,345,165,184,344,193,157,354,153,126,276,180,141,326,867,777,1644,122,136,256,135,118,258,135,130,261,143,107,243,146,135,279,677,625,1307,148,138,283,156,132,293,157,159,313,144,166,312,159,166,326,771,760,1529,143,157,298,136,187,321,173,149,323,133,154,291,153,145,301,740,788,1529,140,149,290,143,174,320,132,159,292,149,141,291,167,160,323,732,783,1521,171,166,335,127,141,269,134,155,293,157,158,313,162,138,303,758,761,1519,133,142,277,158,179,332,160,189,349,204,155,362,199,186,385,852,847,1705,207,181,386,175,209,384,179,217,395,201,173,381,190,223,415,957,1005,1963,187,200
LGA24970,744,795,1538,882,819,1706,847,777,1622,894,797,1698,999,900,1899,4359,4091,8458,1055,926,1979,1038,994,2033,1083,976,2059,1125,1057,2187,1075,1021,2101,5379,4974,10356,1140,1007,2147,1120,1095,2214,1144,989,2132,1125,1085,2208,1057,1017,2073,5582,5193,10775,982,1007,1991,1163,995,2159,1096,999,2096,1158,1122,2276,1297,1257,2558,5701,5372,11078,1562,1434,2996,1757,1556,3305,1661,1400,3057,1766,1485,3256,2026,1542,3573,8773,7411,16188,2107,1442,3551,1980,1375,3355,1785,1289,3068,1565,1305,2869,1466,1272,2743,8913,6684,15593,1443,1345,2788,1406,1312,2712,1434,1386,2823,1318,1360,2678,1289,1367,2655,6894,6766,13655,1313,1294,2612,1253,1313,2569,1321,1338,2662,1356,1466,2822,1393,1449,2841,6638,6858,13500,1281,1327,2611,1192,1315,2507,1229,1274,2508,1153,1192,2337,1178,1241,2422,6038,6351,12388,1162,1167,2334,1157,1194,2357,1075,1274,2351,1106,1220,2327,1244,1359,2599,5756,6217,11972,1280,1331,2603,1135,1253,2387,1172,1197,2375,1079,1202,2284,1022,1102,2122,5679,6085,11763,1065,1086
LGA25060,642,579,1219,644,555,1202,611,567,1180,603,632,1238,660,637,1297,3163,2979,6133,715,686,1404,677,644,1317,671,642,1315,696,655,1353,678,644,1320,3433,3271,6710,659,625,1278,688,668,1356,692,650,1336,707,637,1345,737,669,1408,3487,3241,6727,708,615,1324,636,648,1285,637,585,1232,680,651,1330,681,627,1312,3350,3132,6483,737,653,1395,769,737,1504,781,793,1573,801,779,1575,820,860,1681,3911,3823,7732,865,894,1757,959,870,1829,938,883,1815,897,908,1808,887,962,1850,4555,4512,9062,920,1056,1975,908,990,1896,882,990,1870,849,963,1813,910,957,1868,4473,4951,9425,899,1014,1912,934,912,1848,839,923,1766,880,921,1806,878,917,1793,4446,4687,9129,850,945,1792,814,857,1673,805,853,1660,809,881,1691,796,794,1587,4072,4335,8407,821,871,1692,750,857,1613,776,876,1654,786,892,1682,883,937,1821,4024,4433,8453,891,942,1831,881,849,1734,825,857,1679,818,826,1648,754,788,1542,4171,4263,8433,786,780
LGA25150,249,228,475,223,214,441,241,221,462,257,243,497,231,264,493,1201,1170,2370,247,250,497,241,247,492,258,260,517,307,229,533,287,232,516,1345,1212,2559,267,233,506,286,277,556,290,249,535,265,250,516,271,265,541,1377,1273,2652,269,235,502,228,216,448,205,203,412,233,209,441,189,174,363,1123,1034,2165,199,192,388,209,197,405,184,159,347,205,194,402,170,193,365,970,932,1905,218,220,441,219,216,435,191,222,412,237,243,485,232,251,482,1097,1155,2253,218,256,469,267,261,529,236,253,489,239,305,538,259,225,483,1210,1296,2508,245,261,504,272,263,541,250,278,533,252,256,509,262,266,526,1277,1335,2612,261,259,525,247,266,511,225,270,492,265,251,514,248,224,469,1247,1267,2515,227,239,465,235,252,485,237,273,503,231,245,473,261,283,544,1177,1287,2466,315,304,620,242,246,488,259,256,512,248,258,509,235,238,480,1304,1302,2603,222,204
LGA25250,1050,1058,2108,1055,998,2054,982,957,1938,967,858,1823,905,908,1810,4961,4772,9731,936,918,1855,903,896,1794,932,872,1802,907,861,1773,845,812,1661,4524,4358,8873,856,828,1685,803,810,1612,784,750,1536,833,765,1600,741,727,1470,4017,3880,7895,773,744,1514,687,680,1369,699,636,1330,694,655,1349,803,765,1565,3653,3478,7137,978,912,1892,1112,1116,2230,1322,1284,2603,1408,1369,2776,1416,1588,3004,6229,6275,12501,1653,1625,3282,1694,1815,3507,1827,1843,3673,1792,1946,3735,1898,1973,3865,8864,9209,18071,1999,1995,3997,1814,2012,3823,1918,1993,3906,1826,1914,3743,1800,1827,3629,9354,9741,19095,1750,1815,3557,1667,1700,3367,1620,1561,3182,1593,1557,3150,1500,1449,2948,8124,8076,16197,1361,1401,2759,1257,1297,2559,1257,1236,2487,1153,1177,2330,1101,1188,2286,6122,6294,12421,1063,1078,2146,1107,1099,2208,1061,1165,2226,985,1025,2011,1035,1117,2153,5250,5487,10739,1125,1121,2249,1060,1082,2139,1003,1018,2023,858,921,1773,897,936,1831,4945,5076,10020,833,897
LGA25340,763,714,1477,807,760,1565,804,759,1558,827,757,1580,927,805,1734,4130,3794,7922,881,838,1721,958,881,1836,982,854,1841,969,914,1883,1002,999,2005,4791,4491,9279,1033,919,1953,1016,1079,2094,1046,998,2049,1070,1034,2102,1087,1030,2115,5253,5059,10311,1068,971,2036,981,985,1962,1004,910,1917,976,862,1835,991,868,1861,5022,4592,9616,931,834,1763,845,731,1569,835,710,1544,761,653,1415,675,679,1353,4046,3595,7640,690,631,1325,655,657,1315,703,674,1379,631,673,1302,718,668,1380,3411,3304,6709,708,783,1493,766,838,1609,704,714,1419,787,864,1654,788,891,1675,3761,4088,7846,805,849,1649,824,950,1780,813,913,1727,798,934,1734,833,985,1814,4074,4636,8709,837,951,1786,811,957,1767,856,990,1846,938,947,1885,889,954,1839,4325,4803,9128,963,1032,1994,998,1060,2061,1005,1206,2204,1075,1131,2209,1156,1239,2396,5199,5663,10866,1190,1361,2548,1139,1251,2390,1090,1245,2332,1094,1225,2315,965,1203,2164,5471,6276,11746,1081,1070
LGA25430,92,80,162,87,71,160,77,89,164,98,72,164,81,76,154,430,377,808,101,101,206,86,88,179,111,112,218,114,105,214,90,89,185,509,500,1001,98,97,198,96,95,189,121,108,225,116,84,199,131,95,229,558,478,1043,119,94,210,115,100,213,114,93,205,89,92,180,77,49,127,506,434,935,77,50,133,63,50,115,64,55,121,94,41,131,67,49,122,363,250,617,65,58,129,96,63,154,79,74,152,111,73,181,92,78,165,437,344,783,116,81,198,87,78,168,89,96,180,113,76,195,99,105,209,507,434,947,116,88,202,92,113,206,108,115,229,137,114,250,95,107,207,548,545,1090,108,111,216,114,110,224,115,124,241,119,119,241,113,128,242,573,595,1165,130,128,254,124,140,263,132,155,279,129,136,261,139,159,303,650,709,1357,130,149,276,149,149,302,155,144,302,127,147,275,142,150,292,707,744,1450,145,154
LGA25490,86,94,178,93,97,182,84,116,199,100,91,186,105,105,209,463,502,963,105,102,203,131,106,239,86,103,192,115,114,230,128,100,231,563,532,1090,116,92,211,142,123,271,124,129,257,140,107,241,119,145,263,648,600,1241,108,134,245,119,111,233,106,120,225,101,82,180,90,72,163,527,525,1048,87,69,153,68,76,147,67,71,140,77,73,148,71,64,136,366,358,721,74,66,143,80,77,162,63,88,152,70,85,150,85,85,168,371,401,772,97,99,196,94,90,186,99,91,184,78,117,199,95,92,187,461,491,953,79,84,168,89,99,186,80,106,187,94,105,200,76,92,173,424,491,915,111,100,211,93,87,180,92,99,195,81,88,168,97,106,206,479,480,960,95,92,188,124,95,223,114,91,209,110,112,228,105,126,232,559,523,1082,118,110,224,112,131,241,129,139,272,119,123,245,102,119,218,583,612,1195,129,133
LGA25620,71,66,136,59,55,117,62,61,118,89,47,135,74,66,135,357,298,651,77,69,142,66,61,130,72,67,140,88,72,158,79,69,146,387,336,719,79,76,154,95,79,178,86,86,169,95,70,164,85,81,168,439,393,835,106,86,197,100,63,160,90,92,181,64,52,114,72,61,129,424,357,783,55,55,109,66,52,121,69,50,120,64,68,136,65,49,113,318,275,599,51,47,99,57,53,119,55,65,119,78,72,146,71,58,124,309,288,601,69,72,139,66,77,142,63,79,142,50,73,118,78,70,143,322,365,690,87,67,163,74,79,151,69,95,167,72,66,143,57,84,146,368,395,762,81,74,159,75,72,152,81,81,157,88,78,170,89,88,178,415,396,813,91,81,169,86,108,199,98,102,197,96,110,210,119,113,233,487,518,1004,118,101,218,124,100,227,125,127,247,108,127,234,110,108,212,585,554,1143,109,132
LGA25710,307,272,582,299,310,612,329,321,645,328,340,667,359,356,717,1614,1604,3221,361,378,739,401,370,768,389,372,762,390,405,796,423,428,844,1958,1945,3907,436,393,829,491,410,896,495,417,905,478,490,972,475,466,940,2371,2172,4539,504,478,976,450,433,877,456,434,894,512,453,966,432,429,860,2357,2223,4572,467,420,886,437,388,828,383,354,744,360,317,677,380,307,692,2035,1791,3823,318,259,576,287,230,511,258,270,528,240,258,496,234,252,488,1337,1268,2605,266,276,540,281,317,596,290,265,550,316,323,637,309,331,640,1457,1512,2964,350,346,695,303,373,674,340,375,722,329,408,732,413,411,828,1727,1925,3650,375,389,767,391,400,790,359,393,752,362,451,813,409,473,881,1903,2102,4007,449,458,913,413,512,929,495,526,1021,462,486,944,493,549,1043,2310,2536,4850,479,547,1034,505,521,1031,521,528,1046,475,504,976,452,486,939,2434,2590,5023,416,463
LGA25810,59,65,124,56,61,115,48,53,102,51,56,106,73,65,130,283,297,582,73,53,124,66,50,112,67,59,126,65,52,118,64,63,125,327,276,606,48,63,113,73,55,125,56,66,115,74,55,129,74,55,131,321,289,611,67,57,129,51,63,113,57,55,110,44,57,98,50,57,107,271,291,559,72,50,113,56,48,98,56,64,116,58,54,115,64,55,116,305,257,566,62,41,102,78,52,125,78,84,162,57,63,119,58,72,130,333,313,646,82,66,144,63,75,142,65,67,131,68,84,156,73,56,128,347,348,701,51,68,116,76,70,148,67,51,119,43,41,88,55,55,108,296,288,583,58,57,118,45,57,100,52,58,106,58,44,104,70,43,115,281,260,537,65,56,120,54,64,118,60,57,111,62,87,149,78,74,146,314,338,648,64,78,144,83,62,145,88,98,190,73,92,165,82,89,169,388,423,814,90,106
LGA25900,506,453,954,449,431,879,396,405,804,405,415,816,357,369,723,2112,2070,4177,398,418,814,363,375,737,385,355,746,405,367,777,357,357,719,1913,1876,3789,362,371,727,397,337,736,367,368,737,338,353,697,403,362,761,1867,1792,3660,339,326,670,321,292,619,309,304,610,321,341,664,362,360,727,1659,1631,3289,390,389,776,477,461,940,501,531,1031,582,688,1276,706,831,1531,2654,2898,5551,837,1009,1845,967,1145,2110,1097,1268,2368,1131,1248,2376,1160,1315,2479,5194,5983,11177,1205,1297,2499,1218,1283,2499,1198,1269,2467,1068,1200,2269,1103,1095,2202,5798,6140,11942,1038,1134,2175,1061,1133,2194,990,1060,2051,948,1002,1949,909,980,1896,4952,5311,10265,926,849,1774,774,843,1612,804,800,1606,771,787,1556,725,746,1469,3992,4025,8017,775,758,1533,725,723,1449,735,762,1503,734,768,1506,750,827,1581,3726,3837,7562,725,853,1579,707,747,1463,671,739,1412,681,692,1373,670,622,1295,3454,3659,7116,657,603
LGA25990,21,36,54,24,34,63,30,43,68,37,28,62,34,32,66,145,167,311,35,45,78,38,36,76,41,34,75,46,37,84,33,44,77,192,192,386,32,47,80,44,39,84,54,41,95,41,50,89,45,34,75,216,211,421,55,38,94,43,39,83,42,35,76,38,32,69,31,30,64,209,183,387,28,30,63,30,30,58,28,21,45,31,26,59,35,34,68,158,140,295,34,38,68,30,20,55,32,24,63,25,38,66,26,30,55,146,154,298,40,29,67,34,32,62,35,35,66,27,37,69,44,37,85,182,169,347,46,47,92,34,43,77,37,23,59,43,37,79,35,42,77,188,191,380,34,29,65,42,28,73,42,51,93,41,26,70,53,49,100,211,178,399,47,35,81,37,57,96,60,43,106,49,49,106,71,43,115,270,233,504,76,62,135,62,70,131,55,58,110,57,60,112,68,60,130,322,299,617,62,44
LGA26080,11,12,21,3,5,7,8,13,19,9,13,23,15,3,14,40,47,86,17,13,27,13,7,18,9,14,21,9,12,21,10,13,17,52,52,107,12,18,30,8,13,18,12,9,16,11,14,27,10,10,26,56,63,118,18,10,30,24,9,30,14,8,21,11,10,17,17,10,25,82,45,129,8,7,15,5,14,19,12,10,20,14,14,27,7,8,13,51,43,96,8,6,17,4,5,14,0,6,5,10,10,18,4,9,11,32,36,68,5,7,14,12,3,16,14,5,22,6,9,12,13,7,22,48,36,85,7,4,16,15,12,25,8,10,15,13,14,22,9,12,23,52,56,110,14,16,31,9,13,18,12,14,29,10,10,22,7,9,19,48,67,115,9,16,28,15,13,30,18,15,28,11,17,28,9,18,26,63,79,142,20,20,42,9,9,21,12,14,25,18,18,30,13,26,41,74,91,172,20,25
LGA26170,145,140,286,143,131,275,142,122,269,163,139,302,166,150,311,757,684,1437,169,164,331,195,157,354,208,153,361,197,191,386,177,167,350,951,836,1786,190,173,368,212,182,394,194,194,385,189,176,367,196,192,387,986,920,1914,196,183,380,176,170,350,168,182,351,176,171,346,143,118,264,854,831,1690,109,93,209,139,115,255,124,83,205,122,102,225,123,114,236,617,512,1127,111,106,212,119,119,242,108,108,212,123,139,266,100,132,232,559,601,1158,140,148,292,130,147,280,130,151,277,140,153,291,150,175,320,693,777,1464,146,174,318,147,157,304,168,175,337,161,155,314,139,150,291,762,807,1569,142,162,301,148,159,306,166,172,334,138,146,283,154,169,326,745,803,1552,149,179,328,183,175,362,165,176,340,180,210,387,205,219,423,879,954,1834,224,226,453,197,249,440,191,208,394,210,192,398,187,206,395,1007,1080,2084,201,192
LGA26260,95,88,182,87,83,167,76,81,157,102,81,182,79,96,176,440,428,868,91,89,181,87,92,181,99,83,183,97,86,187,106,96,204,490,446,937,97,100,199,93,93,183,111,89,198,108,106,211,111,109,222,524,491,1018,104,105,212,104,99,198,107,89,195,110,87,193,82,73,158,504,453,956,78,62,140,72,77,151,82,65,153,72,73,150,85,82,171,395,366,763,73,71,140,103,75,174,82,96,182,110,80,182,81,74,156,448,392,839,89,88,180,72,78,155,77,86,168,66,61,135,91,89,182,401,414,814,83,93,174,69,96,160,81,96,178,76,101,174,69,93,163,380,477,852,81,87,168,89,67,157,79,113,193,80,82,165,85,71,160,418,425,847,88,85,173,101,85,182,95,99,200,82,104,191,118,116,230,491,483,969,101,114,216,81,105,182,98,102,197,113,101,210,99,125,221,493,545,1036,96,118
LGA26350,450,448,902,377,397,778,375,381,754,378,356,734,424,366,789,2008,1939,3950,377,379,754,374,340,723,421,385,807,396,379,773,408,394,805,1973,1884,3859,383,394,773,409,429,840,437,409,841,489,445,933,414,409,820,2128,2077,4206,443,434,875,450,449,896,405,451,858,453,495,951,456,584,1033,2205,2405,4609,591,662,1251,602,788,1397,734,894,1626,873,1065,1938,899,1090,1984,3690,4501,8189,1086,1219,2302,1157,1364,2526,1221,1367,2588,1216,1323,2541,1299,1326,2623,5983,6597,12574,1223,1262,2484,1114,1292,2403,1134,1089,2223,1090,1048,2138,947,968,1919,5516,5654,11172,1018,924,1940,845,890,1737,877,866,1748,805,809,1614,795,809,1606,4343,4306,8650,733,715,1452,681,679,1355,624,612,1231,555,654,1207,580,562,1147,3165,3224,6394,566,594,1158,556,599,1155,547,667,1218,609,639,1255,613,735,1343,2895,3231,6131,680,752,1431,616,658,1277,620,698,1317,614,635,1250,605,620,1224,3140,3357,6496,518,542
LGA26430,48,44,96,56,47,103,53,48,101,52,49,99,67,63,127,270,257,532,44,44,91,65,48,117,56,41,101,50,51,99,44,54,99,261,244,508,54,52,103,68,52,117,64,51,113,58,53,114,71,67,135,310,278,586,62,67,127,61,44,107,44,59,104,54,42,98,44,46,84,267,253,520,57,21,77,41,38,80,54,41,91,40,29,72,48,33,86,242,164,404,31,35,70,29,39,74,39,41,82,45,53,97,41,61,102,193,235,424,48,48,92,54,51,104,39,48,89,48,31,85,49,57,107,243,238,483,48,76,121,52,49,99,54,46,101,47,65,115,61,51,110,264,291,556,58,75,135,48,61,107,48,51,97,53,71,124,54,65,117,261,319,582,56,65,117,54,49,102,63,52,116,50,79,124,67,81,147,282,321,612,63,72,137,58,89,150,69,81,148,83,61,148,70,78,145,345,375,725,80,94
LGA26490,231,231,461,211,206,418,233,238,469,258,249,504,236,219,450,1158,1139,2301,266,231,489,301,254,556,256,256,515,284,239,519,257,239,495,1361,1216,2573,276,235,511,262,253,517,275,239,509,256,225,488,281,249,527,1363,1200,2559,236,212,450,238,198,442,224,232,454,201,209,407,166,177,340,1065,1032,2093,183,139,318,171,160,332,175,133,306,152,139,294,158,150,310,838,718,1556,147,124,268,141,155,295,163,156,321,162,194,356,167,173,340,781,802,1584,181,198,376,171,201,380,201,215,425,204,217,418,213,263,479,972,1106,2074,222,276,501,263,265,527,237,285,526,257,305,567,245,292,540,1227,1429,2655,253,283,532,244,270,520,277,280,558,275,284,562,282,274,553,1322,1394,2716,263,260,523,250,287,535,269,279,549,291,247,540,257,293,550,1329,1377,2704,296,287,587,240,261,504,264,258,521,188,252,444,202,219,421,1189,1280,2473,214,238
LGA26610,127,130,251,147,135,280,118,140,261,132,111,247,128,136,263,650,648,1298,136,134,269,132,97,232,138,131,273,146,114,265,141,147,288,697,629,1325,136,147,289,132,132,271,152,129,286,129,143,273,121,149,271,677,701,1384,130,102,230,109,114,224,126,97,219,142,114,251,112,75,195,616,503,1120,110,111,219,111,112,226,123,105,227,144,119,263,126,124,251,607,573,1180,128,149,281,150,133,281,158,161,316,171,141,313,150,157,311,769,736,1506,167,180,344,164,168,335,154,162,315,154,143,295,130,146,274,770,797,1570,155,152,309,159,159,311,136,147,278,147,128,274,149,115,268,744,700,1444,115,144,255,119,145,269,127,106,230,102,112,213,133,129,260,595,635,1231,103,105,208,108,115,223,119,92,216,112,118,234,112,131,241,558,561,1120,119,122,245,120,115,233,135,131,265,104,113,222,126,116,243,610,598,1214,130,132
LGA26670,34,23,60,30,20,52,22,22,48,28,28,54,35,35,70,150,134,278,51,24,65,33,31,61,27,31,60,32,27,60,40,36,75,179,146,322,27,41,67,50,32,80,30,31,57,32,37,70,42,47,91,178,188,365,26,32,59,39,22,61,31,33,66,36,25,58,28,18,47,164,133,294,23,26,48,20,9,35,18,27,41,22,17,38,11,23,39,98,99,199,19,11,27,24,17,45,24,32,54,25,29,52,31,33,61,122,119,245,26,10,36,32,25,57,19,23,44,30,24,60,25,24,48,128,113,242,24,41,65,24,41,60,31,35,67,37,27,61,35,30,60,149,166,318,25,40,65,37,33,68,24,36,62,32,27,55,21,28,53,145,157,304,48,39,84,27,34,62,35,25,58,37,32,71,36,30,70,178,166,347,43,47,87,40,50,91,36,45,79,47,45,86,36,38,72,202,221,423,47,47
LGA26700,144,156,297,140,125,273,142,163,309,140,153,299,168,186,357,738,796,1535,166,158,319,189,165,354,161,176,335,180,164,337,180,176,355,868,839,1706,202,175,378,208,205,415,225,177,398,183,182,366,208,205,409,1018,945,1968,186,178,365,207,186,396,182,189,367,176,165,342,149,156,302,904,878,1775,161,125,284,111,124,235,131,114,239,123,132,249,113,167,278,632,658,1291,150,141,292,145,172,315,140,162,303,156,157,312,144,147,287,727,779,1509,144,153,294,152,177,327,166,172,336,135,157,293,138,147,288,736,800,1536,165,155,313,147,161,306,163,165,325,180,173,356,153,145,295,806,809,1612,164,190,355,144,185,323,141,163,300,171,196,366,158,187,348,773,920,1692,172,192,363,151,193,344,188,204,386,182,187,372,178,208,385,871,981,1853,220,213,433,190,193,385,183,247,429,189,185,375,156,226,383,940,1066,2002,200,188
LGA26730,204,169,376,201,164,364,190,155,348,197,183,378,175,179,358,970,858,1828,225,218,438,195,201,396,225,194,422,214,185,397,234,198,433,1094,995,2089,220,208,428,241,203,448,225,232,449,260,230,484,238,213,453,1181,1083,2261,194,229,428,191,208,397,223,205,427,237,219,454,217,187,406,1063,1045,2107,181,176,356,151,174,326,209,172,379,182,186,371,188,215,406,917,926,1835,208,201,412,241,247,493,241,224,465,216,202,425,251,253,505,1155,1137,2285,220,247,468,226,251,478,207,217,431,216,182,401,214,228,441,1082,1135,2216,198,195,388,199,221,424,206,241,447,226,203,435,190,224,418,1023,1082,2106,198,242,437,213,196,410,186,233,416,216,231,447,206,212,418,1015,1113,2131,209,191,404,207,258,465,191,256,447,189,208,398,223,226,448,1022,1134,2156,200,279,475,209,246,456,231,235,461,225,226,449,205,241,439,1057,1227,2284,217,232
LGA26810,244,235,480,239,213,456,242,256,503,245,215,465,259,243,498,1226,1169,2397,274,233,512,263,255,521,270,251,519,265,274,540,279,243,522,1355,1257,2617,274,263,534,265,280,545,291,250,540,300,245,548,277,290,567,1409,1334,2745,282,274,566,280,258,538,255,253,504,241,242,486,232,199,431,1292,1228,2514,213,186,396,238,186,426,260,195,451,231,200,429,241,233,471,1174,1006,2180,277,212,487,273,254,527,289,236,522,271,250,527,289,231,517,1401,1177,2583,283,242,529,292,248,540,263,280,538,270,228,502,228,253,482,1340,1245,2589,255,254,508,273,273,543,288,286,576,282,293,567,267,247,520,1365,1356,2717,264,252,519,238,214,459,266,240,501,259,249,508,248,253,504,1285,1212,2491,244,262,503,248,247,496,265,239,505,244,289,530,278,311,594,1278,1352,2629,300,303,606,276,304,583,281,321,598,263,307,573,262,317,580,1385,1555,2936,299,264
LGA26890,23,24,40,31,32,61,17,21,34,31,28,56,16,29,48,110,129,238,15,22,33,26,25,46,21,16,35,18,18,41,31,22,48,104,98,198,25,19,42,29,27,55,23,29,52,23,22,50,18,16,37,116,112,230,19,14,30,13,17,34,18,19,33,17,24,43,14,13,24,84,79,162,18,11,29,13,8,20,20,13,32,26,15,41,16,10,17,86,50,139,18,9,24,17,15,33,16,24,37,20,20,39,18,17,40,92,91,178,17,17,31,17,16,43,21,14,37,13,16,33,17,17,33,92,86,180,14,31,46,25,13,39,16,15,34,23,28,50,12,29,41,89,112,201,27,10,39,17,17,39,22,21,40,28,19,41,16,24,32,104,87,189,20,12,35,23,20,45,19,21,38,16,18,35,24,26,51,99,105,203,34,32,62,16,34,55,40,40,80,24,28,50,30,26,58,147,166,309,32,31
LGA26980,741,680,1420,766,724,1486,749,714,1464,819,791,1609,953,844,1800,4030,3753,7787,881,833,1717,975,925,1900,976,919,1897,976,965,1946,1037,977,2018,4852,4620,9471,902,937,1837,978,931,1906,988,1011,1999,976,983,1960,1000,985,1981,4843,4844,9692,1024,976,2006,992,929,1919,1020,1004,2025,1004,936,1942,1052,1049,2103,5091,4897,9984,1311,1166,2477,1291,1233,2523,1343,1231,2577,1347,1233,2579,1396,1178,2574,6700,6040,12736,1370,1183,2551,1329,1112,2439,1249,1080,2324,1247,1155,2406,1071,1141,2212,6262,5672,11930,1091,1112,2206,1171,1210,2388,1091,1228,2322,1186,1254,2444,1133,1202,2335,5688,6012,11695,1093,1173,2264,1143,1268,2408,1227,1268,2491,1223,1266,2488,1235,1269,2510,5918,6248,12167,1096,1169,2267,1031,1169,2203,1055,1176,2238,1056,1141,2203,1067,1162,2233,5313,5823,11133,1105,1120,2228,1065,1127,2195,1040,1166,2210,1106,1252,2358,1133,1325,2468,5447,5997,11450,1168,1296,2460,1086,1265,2346,1077,1213,2287,1006,1120,2120,975,1018,2002,5311,5912,11225,934,1014
LGA27070,1640,1461,3098,1685,1589,3275,1705,1588,3298,1735,1576,3313,1841,1680,3526,8606,7910,16508,1861,1796,3656,1775,1652,3428,1774,1686,3457,1818,1632,3445,1666,1652,3321,8899,8414,17315,1626,1483,3108,1561,1516,3083,1543,1411,2951,1471,1421,2893,1471,1379,2847,7670,7214,14886,1469,1376,2845,1333,1277,2604,1399,1221,2617,1328,1244,2569,1263,1227,2491,6780,6342,13122,1390,1271,2665,1521,1373,2892,1470,1362,2835,1499,1433,2931,1673,1453,3124,7557,6890,14445,1732,1459,3190,1744,1628,3375,1655,1620,3274,1561,1699,3260,1644,1699,3342,8340,8097,16437,1735,1959,3693,1872,1967,3838,1848,2005,3849,1894,2116,4014,2007,2038,4050,9350,10087,19438,2038,2190,4228,2060,2187,4242,1967,2096,4059,2057,1998,4052,1983,1863,3840,10096,10333,20429,1915,1890,3799,1764,1727,3494,1680,1626,3306,1639,1596,3230,1533,1439,2978,8534,8277,16807,1456,1409,2862,1517,1562,3087,1370,1443,2813,1467,1495,2965,1403,1451,2855,7212,7364,14577,1418,1501,2925,1326,1365,2688,1282,1349,2634,1229,1322,2548,1256,1232,2489,6516,6762,13278,1203,1263
LGA27170,257,278,534,253,271,521,281,270,554,267,298,566,249,273,529,1305,1396,2702,289,294,581,290,295,588,313,305,614,289,291,578,336,288,623,1517,1466,2984,289,316,608,321,301,624,296,297,592,288,296,577,325,270,592,1517,1479,2997,328,283,604,249,240,492,283,268,547,308,260,569,326,265,586,1485,1312,2797,315,259,577,286,230,514,258,224,480,242,241,477,259,270,524,1362,1213,2574,281,285,569,276,288,570,270,272,539,300,286,587,269,277,544,1393,1407,2801,311,344,656,288,321,603,295,282,577,311,322,636,286,280,568,1489,1550,3044,295,317,617,257,306,554,249,292,542,275,323,594,245,289,536,1319,1525,2844,270,274,539,246,258,509,253,257,511,236,274,504,252,280,528,1259,1344,2597,224,260,484,246,244,492,260,280,544,249,264,506,268,294,566,1245,1345,2592,290,314,608,260,261,521,247,281,520,235,262,491,232,229,463,1259,1350,2610,258,275
LGA27260,2436,2322,4758,2717,2530,5248,2672,2516,5190,2849,2614,5462,2791,2655,5447,13464,12633,26099,2923,2684,5606,2829,2651,5477,2745,2682,5427,2715,2677,5383,2572,2368,4939,13785,13050,26833,2445,2367,4808,2347,2255,4599,2137,1993,4131,2001,1889,3888,1994,1763,3757,10913,10273,21187,1884,1685,3572,1728,1561,3292,1644,1527,3163,1536,1471,3004,1571,1419,2986,8356,7661,16018,1756,1619,3375,1943,1667,3615,1951,1603,3552,1967,1669,3638,2152,1709,3857,9771,8262,18034,2333,1910,4242,2326,1983,4306,2375,2184,4561,2235,2253,4493,2060,2636,4694,11338,10957,22298,2310,2743,5049,2491,2982,5472,2612,3133,5736,2755,3225,5980,3047,3427,6477,13209,15514,28719,3151,3403,6560,3383,3517,6901,3384,3297,6682,3431,3248,6679,3326,2971,6301,16673,16446,33115,3048,2658,5705,2791,2401,5191,2507,2177,4688,2334,2002,4335,2172,1877,4051,12849,11115,23968,2021,1764,3781,1838,1700,3535,1756,1682,3437,1641,1596,3236,1614,1675,3287,8868,8406,17275,1589,1625,3214,1448,1400,2846,1420,1354,2776,1393,1347,2738,1276,1263,2537,7122,6989,14111,1221,1244
LGA27350,419,445,866,387,400,782,346,341,687,339,364,705,321,283,599,1808,1833,3636,321,323,643,323,304,624,316,315,631,281,303,584,310,292,595,1542,1537,3076,294,289,581,291,289,583,270,300,570,268,273,539,271,269,542,1389,1427,2816,230,253,485,227,272,505,212,273,486,261,280,535,238,317,556,1165,1393,2557,353,395,751,439,575,1012,575,709,1286,707,898,1601,865,1072,1933,2938,3650,6582,1055,1298,2356,1144,1463,2606,1358,1567,2923,1462,1575,3037,1459,1492,2951,6480,7387,13872,1412,1473,2886,1388,1415,2804,1369,1282,2650,1260,1217,2475,1126,1099,2228,6555,6491,13046,1028,1016,2046,1001,941,1945,917,763,1674,820,805,1631,793,738,1529,4558,4260,8819,734,718,1450,736,628,1362,701,593,1293,587,525,1116,582,582,1157,3336,3044,6382,577,548,1123,481,488,966,572,506,1074,530,512,1038,492,533,1027,2644,2578,5224,540,510,1050,570,532,1101,457,507,970,471,511,979,448,450,898,2489,2506,4995,492,458
LGA27450,992,899,1895,918,836,1749,1015,910,1923,1000,853,1857,930,942,1872,4861,4444,9298,1017,976,1992,990,945,1935,973,955,1926,1032,913,1944,1041,927,1971,5050,4718,9765,1039,900,1931,1044,999,2047,1045,926,1971,1035,950,1990,1034,996,2027,5192,4772,9963,998,911,1916,1032,917,1945,1009,967,1985,967,883,1852,917,850,1771,4929,4531,9465,919,910,1827,924,885,1816,885,852,1735,881,758,1645,886,781,1671,4499,4190,8692,864,791,1662,837,827,1664,831,887,1718,948,913,1860,910,982,1898,4394,4400,8789,1016,993,2011,951,1072,2024,1051,1048,2104,1005,1060,2063,1054,1080,2131,5075,5260,10333,1032,1158,2198,1028,1105,2137,952,1114,2065,993,1059,2050,1030,1038,2072,5042,5473,10516,961,1046,2010,993,978,1967,957,984,1940,949,988,1928,971,1028,2000,4830,5027,9857,977,990,1967,971,1063,2033,1078,1071,2150,1057,1122,2183,1147,1211,2359,5230,5467,10700,1122,1202,2325,1113,1114,2227,1046,1109,2154,981,1086,2069,1004,1049,2052,5267,5562,10823,953,1014
LGA27630,33,23,57,34,29,64,28,28,53,34,22,60,34,24,53,161,120,284,29,29,60,41,36,70,37,24,59,32,26,62,38,29,69,176,153,323,48,32,86,37,40,71,54,33,85,40,43,87,46,38,84,223,189,412,45,45,88,41,36,77,42,42,83,24,21,47,29,17,49,186,161,347,31,19,52,28,19,47,22,18,42,25,23,48,37,22,55,143,103,241,34,27,60,26,26,57,24,25,53,31,30,61,27,21,50,144,133,279,39,34,75,37,29,67,29,32,59,22,28,55,24,38,62,148,163,311,28,25,53,29,27,49,45,31,77,24,35,58,24,29,52,150,143,290,25,39,64,18,28,46,33,24,58,27,29,56,22,33,56,134,154,287,30,40,70,30,22,50,31,26,58,34,35,65,34,37,69,151,162,313,39,46,83,33,47,82,35,57,88,43,40,85,42,45,85,194,232,426,46,43
LGA29399,0,0,3,0,0,6,4,5,9,0,3,4,3,7,6,13,10,21,5,6,8,3,3,10,0,3,3,0,4,7,5,5,6,13,22,34,7,4,11,0,6,3,4,4,5,0,0,0,0,4,6,20,17,29,4,5,10,3,3,7,0,4,3,0,19,21,12,11,22,23,39,61,19,14,35,9,20,32,9,13,18,20,26,48,19,16,38,80,91,168,26,25,54,20,10,28,17,11,28,17,19,35,15,4,21,87,71,152,16,9,29,17,11,23,8,3,12,8,11,18,11,5,14,62,41,99,6,5,11,7,9,14,7,3,14,6,7,11,7,3,9,30,31,59,6,0,13,4,9,16,4,0,9,11,0,15,9,4,9,29,23,51,0,7,8,4,6,8,3,0,4,4,3,11,5,8,8,16,22,36,5,6,17,8,3,9,3,5,16,6,7,13,18,3,20,41,27,69,0,5
LGA29499,43,47,90,45,36,77,49,50,100,52,23,74,38,35,76,222,189,414,39,36,79,28,43,74,47,26,74,52,40,91,38,40,78,208,181,393,30,35,72,37,37,76,31,35,73,25,37,64,27,33,56,161,175,334,36,24,58,32,38,66,36,48,80,54,54,107,73,69,140,234,229,459,65,67,133,65,71,136,74,60,136,63,65,134,77,58,135,345,321,671,107,75,181,84,86,170,106,89,197,96,86,179,83,114,195,474,450,928,131,109,240,98,83,182,81,62,144,88,97,187,61,74,138,463,425,892,159,87,251,81,92,176,106,83,192,85,65,154,83,74,161,515,416,929,142,81,224,97,84,182,89,62,150,69,52,117,88,44,131,488,321,806,140,61,199,78,32,107,87,42,124,99,44,148,87,59,147,483,238,723,134,50,186,87,49,138,68,62,136,60,52,116,69,32,100,427,242,668,100,44
LGA29799,0,0,0,0,0,0,0,0,0,0,0,0,0,0,0,0,0,0,0,0,0,0,0,0,0,0,0,0,0,0,0,0,0,0,0,0,0,0,0,0,0,0,0,0,0,0,0,0,0,0,0,0,0,0,0,0,0,0,0,0,0,0,0,0,0,0,0,0,0,0,0,0,0,0,0,0,0,0,0,0,0,0,0,0,0,0,0,0,0,0,0,0,0,0,0,0,0,0,0,0,0,0,0,0,0,0,0,0,0,0,0,6,0,6,0,0,0,0,0,0,0,0,0,6,0,6,0,0,0,0,0,0,0,0,0,3,0,3,0,0,0,3,0,3,5,0,5,0,0,0,3,0,3,0,0,0,0,0,0,10,0,10,0,0,0,0,0,0,0,0,0,0,0,0,0,0,0,0,0,0,3,0,3,0,0,0,0,0,0,0,0,0,0,0,0,3,0,3,0,0
