LGA_CODE_2021,Age_yr_55_P,Age_yr_56_M,Age_yr_56_F,Age_yr_56_P,Age_yr_57_M,Age_yr_57_F,Age_yr_57_P,Age_yr_58_M,Age_yr_58_F,Age_yr_58_P,Age_yr_59_M,Age_yr_59_F,Age_yr_59_P,Age_yr_55_59_M,Age_yr_55_59_F,Age_yr_55_59_P,Age_yr_60_M,Age_yr_60_F,Age_yr_60_P,Age_yr_61_M,Age_yr_61_F,Age_yr_61_P,Age_yr_62_M,Age_yr_62_F,Age_yr_62_P,Age_yr_63_M,Age_yr_63_F,Age_yr_63_P,Age_yr_64_M,Age_yr_64_F,Age_yr_64_P,Age_yr_60_64_M,Age_yr_60_64_F,Age_yr_60_64_P,Age_yr_65_M,Age_yr_65_F,Age_yr_65_P,Age_yr_66_M,Age_yr_66_F,Age_yr_66_P,Age_yr_67_M,Age_yr_67_F,Age_yr_67_P,Age_yr_68_M,Age_yr_68_F,Age_yr_68_P,Age_yr_69_M,Age_yr_69_F,Age_yr_69_P,Age_yr_65_69_M,Age_yr_65_69_F,Age_yr_65_69_P,Age_yr_70_M,Age_yr_70_F,Age_yr_70_P,Age_yr_71_M,Age_yr_71_F,Age_yr_71_P,Age_yr_72_M,Age_yr_72_F,Age_yr_72_P,Age_yr_73_M,Age_yr_73_F,Age_yr_73_P,Age_yr_74_M,Age_yr_74_F,Age_yr_74_P,Age_yr_70_74_M,Age_yr_70_74_F,Age_yr_70_74_P,Age_yr_75_M,Age_yr_75_F,Age_yr_75_P,Age_yr_76_M,Age_yr_76_F,Age_yr_76_P,Age_yr_77_M,Age_yr_77_F,Age_yr_77_P,Age_yr_78_M,Age_yr_78_F,Age_yr_78_P,Age_yr_79_M,Age_yr_79_F,Age_yr_79_P,Age_yr_75_79_M,Age_yr_75_79_F,Age_yr_75_79_P,Age_yr_80_84_M,Age_yr_80_84_F,Age_yr_80_84_P,Age_yr_85_89_M,Age_yr_85_89_F,Age_yr_85_89_P,Age_yr_90_94_M,Age_yr_90_94_F,Age_yr_90_94_P,Age_yr_95_99_M,Age_yr_95_99_F,Age_yr_95_99_P,Age_yr_100_yr_over_M,Age_yr_100_yr_over_F,Age_yr_100_yr_over_P,Tot_M,Tot_F,Tot_P
LGA20110,187,91,101,191,95,97,191,115,96,212,104,116,217,502,496,1003,102,133,237,111,101,211,121,138,250,142,109,250,101,101,210,571,576,1153,110,112,218,102,105,201,100,111,211,125,84,207,96,93,190,535,505,1039,92,81,170,98,83,178,88,103,186,93,102,200,103,95,200,480,462,941,82,81,169,56,76,132,62,77,135,40,73,113,59,60,115,298,364,668,191,222,415,105,147,250,42,75,116,11,18,25,0,8,8,6562,6671,13235
LGA20260,177,77,74,153,88,75,165,80,89,169,86,87,175,438,403,844,99,85,188,96,81,178,102,101,202,88,75,167,98,74,172,483,415,905,91,99,185,91,94,187,97,62,157,92,82,167,85,75,160,454,410,862,77,72,148,90,91,181,95,66,159,80,58,140,74,82,153,412,371,779,59,68,122,55,57,108,50,54,105,49,51,98,45,57,103,260,278,540,193,188,381,108,135,245,37,71,109,7,12,18,0,0,5,6273,5606,11880
LGA20570,1287,658,661,1315,632,689,1323,668,737,1405,695,715,1413,3227,3515,6741,592,745,1341,573,681,1248,629,717,1344,616,700,1315,637,678,1321,3043,3524,6570,586,692,1278,607,663,1274,590,656,1241,550,676,1226,547,667,1212,2880,3351,6234,528,649,1174,530,613,1148,526,602,1124,509,603,1105,533,609,1148,2622,3076,5699,421,504,922,374,467,846,365,462,826,339,398,738,337,374,710,1836,2207,4041,1192,1512,2705,659,1040,1697,294,598,888,66,193,265,7,18,26,54740,59025,113763
LGA20660,1521,684,772,1458,738,811,1550,696,802,1504,662,786,1448,3519,3955,7475,792,811,1598,636,790,1425,721,772,1495,682,783,1462,661,745,1404,3490,3893,7385,653,764,1417,631,679,1308,566,722,1290,603,684,1285,560,674,1232,3016,3524,6537,593,664,1259,551,676,1229,575,615,1186,573,619,1191,575,715,1292,2870,3287,6155,482,542,1023,468,522,983,418,486,904,382,451,832,377,407,789,2121,2406,4529,1363,1792,3152,805,1193,2001,373,699,1073,93,206,302,7,23,28,61405,64835,126236
LGA20740,542,253,285,539,273,340,618,273,344,617,314,360,678,1378,1613,2996,348,390,735,329,368,704,374,391,766,327,383,705,358,406,765,1739,1934,3673,337,377,718,422,411,828,353,420,766,360,388,749,378,384,764,1849,1978,3827,357,349,702,362,354,716,300,345,644,318,326,646,329,315,646,1666,1690,3353,279,294,575,260,255,519,209,238,451,179,194,375,174,182,361,1108,1167,2276,682,687,1367,331,398,728,146,226,368,33,75,107,0,13,19,19834,20955,40789
LGA20830,653,336,379,716,351,388,736,388,402,787,374,417,793,1754,1934,3690,376,418,794,353,396,748,414,421,838,350,408,760,330,421,749,1826,2060,3886,378,362,738,337,345,685,365,357,723,337,406,742,357,396,751,1777,1872,3643,360,347,708,349,398,750,308,338,654,332,333,664,327,332,661,1685,1747,3432,306,290,593,241,255,494,224,246,469,184,218,405,193,209,409,1148,1219,2373,786,785,1572,375,485,857,146,251,395,19,65,89,3,18,21,28035,29590,57626
LGA20910,1474,648,773,1418,744,765,1512,706,798,1514,693,800,1496,3490,3925,7416,693,694,1380,677,702,1377,650,706,1356,600,641,1242,596,669,1269,3211,3410,6626,538,602,1136,545,620,1164,503,604,1110,542,591,1131,463,616,1085,2591,3038,5631,508,602,1110,487,610,1100,487,566,1051,494,550,1047,559,584,1143,2539,2914,5451,448,524,972,412,492,907,361,463,826,334,426,754,333,382,717,1885,2290,4174,1216,1547,2760,726,1092,1821,376,776,1149,120,287,405,10,45,48,48378,52930,101306
LGA21010,191,93,97,190,81,131,213,127,138,259,124,137,264,512,611,1120,127,130,253,136,128,262,121,133,260,106,105,215,124,122,246,607,629,1239,125,112,238,107,132,243,117,128,248,117,124,240,112,96,201,573,597,1171,115,137,250,119,120,240,119,129,247,106,96,201,126,111,237,585,591,1171,101,90,194,62,89,157,69,72,145,82,74,154,76,80,156,393,406,800,271,324,590,144,194,340,54,127,182,16,13,37,0,6,9,7052,7472,14528
LGA21110,2203,1102,1163,2264,1063,1208,2268,1053,1175,2225,1079,1101,2183,5340,5798,11141,941,1108,2044,942,1036,1981,925,993,1917,892,951,1837,873,955,1827,4573,5034,9608,795,958,1752,809,900,1707,798,899,1693,730,844,1575,774,820,1594,3902,4418,8324,710,797,1504,726,858,1586,677,771,1450,692,834,1528,705,824,1528,3512,4080,7593,638,766,1404,522,617,1139,536,659,1195,453,563,1015,451,545,997,2595,3151,5747,1748,2330,4080,1115,1617,2736,546,1063,1608,147,399,548,10,63,74,80517,87386,167900
LGA21180,2426,1195,1210,2406,1167,1123,2290,1185,1180,2367,1184,1177,2360,5956,5894,11851,1150,1180,2328,1138,1239,2377,1112,1154,2266,1050,1121,2172,992,1121,2111,5441,5815,11259,1029,1124,2149,1005,1112,2120,926,1019,1945,904,963,1870,860,935,1794,4728,5145,9878,857,936,1790,840,891,1734,822,812,1637,789,879,1667,797,811,1606,4099,4331,8429,630,739,1369,654,625,1282,599,613,1209,490,523,1014,436,489,927,2811,2992,5803,1838,2078,3914,937,1356,2292,357,687,1051,84,199,286,3,28,30,97491,97124,194618
LGA21270,88,52,37,86,59,61,121,57,55,118,48,59,107,258,257,521,46,48,93,53,32,89,56,61,123,65,61,125,47,60,105,272,259,536,57,52,108,66,51,113,44,25,73,59,42,108,61,32,90,290,201,485,49,41,90,51,48,96,43,54,96,52,44,93,47,34,76,242,218,455,31,24,56,24,21,45,29,38,68,31,24,55,17,36,60,136,145,284,134,136,268,66,92,155,33,67,99,8,22,31,0,3,3,3186,2991,6178
LGA21370,510,241,269,508,274,290,570,270,300,568,304,322,629,1320,1455,2782,302,304,607,292,303,601,315,277,596,292,293,586,288,259,546,1502,1433,2931,288,262,551,274,289,565,260,283,542,262,286,547,274,272,549,1362,1394,2752,307,235,539,245,235,483,216,219,435,230,220,447,231,250,483,1231,1156,2392,189,206,400,193,209,399,201,190,392,196,151,350,153,188,338,929,948,1874,643,681,1327,338,471,810,136,214,357,28,66,101,5,8,17,19105,19627,38735
LGA21450,1188,568,669,1240,642,658,1298,597,666,1258,580,608,1182,2972,3191,6161,555,596,1152,553,578,1123,549,557,1106,516,546,1068,478,582,1053,2642,2854,5500,495,501,997,452,476,931,419,472,897,437,462,903,396,462,857,2209,2374,4582,413,423,832,378,458,836,366,420,785,354,438,788,394,485,878,1896,2226,4125,301,361,659,308,313,621,288,321,612,249,247,494,234,273,505,1374,1521,2892,835,912,1744,406,525,929,142,285,434,43,82,124,7,4,11,58269,59925,118194
LGA21610,4023,1904,1967,3876,1963,1935,3900,1971,1936,3910,1897,1848,3743,9704,9752,19457,1806,1877,3681,1669,1783,3452,1666,1685,3348,1605,1637,3243,1483,1548,3026,8216,8532,16748,1495,1472,2966,1258,1438,2697,1244,1423,2669,1247,1230,2481,1170,1217,2387,6413,6781,13197,1071,1166,2239,990,1147,2137,932,1088,2023,977,1066,2041,952,1066,2022,4924,5536,10463,823,867,1694,723,825,1551,702,767,1460,586,637,1220,567,618,1179,3404,3708,7110,2068,2536,4605,1056,1602,2658,418,804,1216,85,209,296,9,32,38,182041,183195,365239
LGA21670,174,87,106,195,107,120,219,110,111,220,106,111,214,488,528,1017,88,122,207,114,122,237,113,124,231,112,111,224,97,96,189,515,569,1086,113,115,225,130,123,248,103,104,209,121,119,241,98,114,213,564,578,1148,107,117,223,117,99,217,105,104,207,122,117,243,101,123,225,549,559,1113,97,84,176,92,90,183,93,101,189,88,82,172,55,65,118,419,415,841,296,295,591,144,172,316,55,89,143,9,33,37,0,0,0,6650,6836,13483
LGA21750,296,158,105,268,177,182,363,136,159,299,169,186,354,776,797,1574,154,169,324,167,148,318,180,178,358,171,154,322,166,159,325,833,817,1646,175,170,340,159,161,323,150,188,338,158,163,320,169,150,321,818,829,1639,144,147,292,129,180,309,144,128,265,136,143,276,135,155,290,684,745,1428,114,97,209,103,110,211,94,114,212,90,80,174,87,86,169,490,482,975,319,359,680,168,247,416,62,125,187,12,33,41,0,7,7,11224,11200,22423
LGA21830,226,102,125,225,142,123,264,126,134,258,147,128,275,629,614,1246,127,139,269,118,148,272,123,137,267,127,126,252,125,110,235,627,660,1285,115,109,220,111,123,235,129,103,228,105,99,198,133,110,245,585,547,1128,128,86,211,108,110,221,107,81,185,93,86,181,113,110,221,549,476,1020,99,95,198,92,79,162,60,86,152,57,66,124,80,71,150,387,404,788,230,309,538,154,188,340,47,101,145,4,25,28,0,0,0,8112,8003,16115
LGA21890,1705,840,858,1695,802,870,1676,796,816,1616,738,828,1570,3925,4333,8258,741,780,1517,692,764,1458,711,713,1425,642,667,1310,649,708,1347,3434,3628,7064,609,655,1268,574,649,1225,534,573,1102,494,592,1088,472,550,1019,2685,3020,5701,459,528,991,475,511,987,420,540,954,416,529,944,446,542,985,2221,2648,4867,375,464,836,355,461,812,364,440,809,309,421,729,325,407,732,1739,2182,3920,1478,1956,3439,1025,1414,2437,431,771,1201,75,200,278,11,26,31,72162,76410,148570
LGA22110,618,303,353,657,338,360,694,348,406,755,390,404,799,1676,1850,3525,395,407,800,421,425,842,400,438,842,426,443,871,410,459,870,2048,2173,4229,412,399,812,403,442,842,441,440,883,475,467,942,410,453,865,2143,2207,4345,455,428,886,456,423,879,438,397,833,448,392,846,482,409,883,2273,2047,4316,365,334,699,347,316,666,295,291,584,286,279,559,270,258,524,1560,1477,3039,905,929,1836,439,556,999,166,253,422,32,63,91,0,4,5,23948,24769,48715
LGA22170,1676,891,850,1744,850,941,1789,837,940,1784,861,895,1753,4229,4508,8736,865,903,1770,831,902,1727,794,867,1660,783,771,1553,677,812,1486,3950,4245,8194,751,755,1503,662,749,1409,603,696,1294,644,701,1341,559,679,1243,3217,3575,6797,558,701,1262,593,682,1273,531,597,1129,553,632,1185,603,672,1272,2847,3276,6124,476,568,1043,459,508,967,372,444,812,382,463,840,322,400,725,2003,2379,4382,1271,1585,2855,706,1095,1803,330,607,936,61,176,242,8,29,34,68038,71240,139281
LGA22250,169,60,75,132,100,61,164,64,77,143,88,91,180,391,398,787,114,86,201,73,84,157,83,87,168,76,100,171,97,86,186,437,445,883,74,95,169,94,83,182,106,80,192,96,97,198,104,89,191,478,447,926,93,68,160,94,84,181,76,67,146,77,92,164,84,85,170,421,397,824,70,73,146,64,64,133,61,59,122,42,54,98,57,61,113,300,310,612,222,236,459,121,127,252,46,85,124,14,15,32,0,7,7,5314,5368,10683
LGA22310,1707,829,849,1678,805,888,1689,867,879,1745,793,869,1665,4135,4359,8494,750,864,1614,759,783,1538,708,801,1507,732,758,1487,681,776,1463,3629,3978,7607,715,747,1458,657,722,1379,617,682,1298,615,687,1301,611,752,1355,3209,3579,6791,577,681,1260,593,622,1216,544,651,1200,545,670,1215,663,688,1351,2923,3312,6234,483,555,1033,380,502,881,372,421,794,289,382,676,319,390,709,1848,2252,4099,1295,1831,3122,814,1353,2169,448,828,1278,128,340,468,11,48,57,72223,76690,148908
LGA22410,310,154,130,285,171,154,325,167,151,317,212,181,387,829,786,1621,148,199,350,175,155,330,177,159,332,173,159,336,164,197,358,838,873,1705,195,158,352,165,187,345,162,146,310,159,161,323,160,169,332,839,824,1667,159,154,315,160,120,282,142,133,276,132,112,244,146,138,286,746,656,1393,99,93,194,104,101,205,74,97,176,80,78,157,88,84,171,447,456,898,316,325,645,145,212,357,67,131,196,10,31,39,0,0,7,10052,10104,20152
LGA22490,327,169,174,344,164,174,336,163,166,330,168,172,344,823,851,1674,157,152,306,160,146,307,170,168,337,155,148,304,151,155,306,789,770,1566,147,150,298,160,143,306,152,143,294,153,127,273,146,118,258,757,677,1433,138,113,253,132,108,235,122,98,222,124,107,233,105,101,201,616,522,1137,97,76,180,74,72,144,69,46,117,66,47,104,46,51,100,353,294,649,193,166,361,64,96,158,27,53,75,3,12,22,0,0,0,12776,12210,24985
LGA22620,1423,719,732,1445,729,831,1562,790,824,1614,686,874,1562,3573,4033,7607,770,843,1613,746,799,1546,721,827,1547,711,810,1515,676,792,1466,3624,4069,7692,672,758,1426,676,740,1417,698,776,1472,687,722,1414,682,701,1386,3414,3706,7120,631,712,1344,668,698,1364,618,616,1234,576,598,1178,611,697,1304,3099,3323,6420,457,487,949,457,500,952,439,455,900,365,409,774,369,425,791,2085,2279,4372,1442,1688,3126,795,1067,1859,340,633,969,77,170,248,8,16,16,58884,62586,121470
LGA22670,1714,907,838,1744,845,871,1710,839,861,1698,851,794,1647,4318,4196,8516,824,795,1623,816,890,1706,809,795,1601,819,837,1661,750,790,1534,4024,4108,8132,752,799,1552,743,768,1509,680,710,1383,635,727,1363,601,698,1296,3412,3696,7107,594,698,1289,625,656,1285,535,675,1212,577,640,1222,607,653,1263,2943,3316,6259,552,530,1083,506,547,1050,436,485,914,366,468,832,374,433,809,2223,2459,4688,1583,1826,3408,881,1193,2070,363,649,1009,89,191,275,16,25,40,80293,77912,158208
LGA22750,2966,1492,1704,3197,1569,1713,3285,1529,1753,3283,1551,1747,3301,7566,8457,16020,1506,1763,3264,1479,1752,3232,1525,1707,3234,1491,1765,3255,1513,1644,3155,7509,8629,16140,1517,1700,3216,1481,1639,3123,1472,1672,3146,1367,1662,3029,1394,1564,2957,7234,8240,15470,1365,1539,2902,1378,1466,2844,1257,1538,2794,1285,1446,2727,1395,1546,2941,6680,7536,14215,1059,1255,2307,961,1106,2067,948,1066,2017,787,978,1761,829,927,1752,4585,5322,9905,3007,3795,6800,1663,2402,4070,764,1360,2128,172,423,591,13,51,61,131854,139203,271057
LGA22830,853,421,433,853,394,461,854,413,457,866,451,441,885,2084,2226,4312,444,439,882,418,428,845,407,437,843,420,407,824,388,408,793,2077,2119,4189,411,423,832,359,388,747,359,393,752,372,389,755,376,366,743,1882,1954,3830,324,360,678,363,358,722,328,342,666,334,336,675,294,354,645,1640,1748,3384,293,313,602,283,222,506,262,275,542,177,238,410,210,226,431,1212,1271,2486,825,947,1773,415,600,1011,188,298,485,48,98,147,0,12,12,34021,34388,68409
LGA22910,267,131,134,264,127,123,251,137,154,286,167,175,340,675,737,1411,155,169,328,139,152,292,142,165,300,157,161,313,133,144,282,729,788,1518,152,158,309,159,161,314,141,171,311,134,151,295,162,180,345,749,824,1576,151,146,293,146,123,271,142,128,272,125,115,244,111,110,224,679,627,1308,120,87,207,84,92,180,75,78,158,60,74,134,73,63,134,418,400,817,232,257,490,129,158,284,39,97,135,16,24,42,0,6,6,8156,8453,16604
LGA22980,69,41,32,72,44,54,99,53,37,91,56,46,95,224,199,426,48,57,107,54,48,108,45,51,100,43,40,82,53,36,95,253,236,491,40,49,84,39,44,86,47,46,88,46,44,85,43,27,68,214,201,415,41,34,79,50,33,84,34,34,69,29,38,70,50,22,72,204,165,369,30,36,62,38,27,70,25,30,53,30,47,72,26,29,53,147,161,314,99,122,224,77,83,163,32,62,87,5,24,28,0,3,3,2857,2844,5698
LGA23110,1112,568,574,1138,585,595,1178,572,594,1171,575,578,1147,2862,2894,5754,563,601,1160,534,579,1109,513,569,1078,513,494,1014,440,513,953,2555,2756,5313,487,462,955,460,483,938,399,448,851,385,432,820,371,425,798,2107,2251,4351,358,409,761,353,394,746,343,397,739,316,391,709,340,411,747,1711,1992,3699,299,312,615,250,263,516,243,310,551,183,249,436,209,279,481,1184,1420,2598,857,1094,1950,518,810,1325,221,394,614,49,106,157,5,14,15,44694,46629,91322
LGA23190,257,132,131,259,139,138,276,132,139,270,145,146,289,659,692,1356,119,139,261,130,160,293,148,149,304,152,138,289,143,115,264,694,705,1399,102,131,227,120,138,257,127,112,233,113,135,246,108,117,220,566,623,1191,110,114,224,103,124,227,101,97,200,116,107,222,107,101,204,535,543,1077,76,106,186,67,100,166,81,77,154,70,78,152,64,82,148,366,435,806,274,346,617,165,235,400,74,131,207,14,30,41,0,8,4,10010,10419,20429
LGA23270,2791,1386,1413,2800,1330,1368,2696,1338,1295,2638,1278,1329,2606,6725,6810,13536,1228,1233,2457,1162,1198,2359,1069,1143,2210,983,1042,2024,1055,1076,2131,5496,5686,11177,975,1015,1993,922,965,1882,826,916,1739,793,941,1734,794,810,1598,4308,4645,8954,718,840,1559,703,795,1499,635,762,1400,678,748,1430,681,744,1423,3419,3885,7304,584,563,1146,526,535,1058,465,549,1023,370,457,831,381,443,827,2326,2557,4885,1386,1615,3007,700,966,1667,246,417,660,42,83,124,3,12,15,122013,121890,243901
LGA23350,236,139,142,281,126,139,262,160,137,295,129,157,284,667,690,1355,158,136,293,138,146,282,139,145,288,143,151,295,114,160,278,698,745,1438,122,148,271,130,132,256,151,138,289,135,119,250,114,104,220,654,639,1296,135,113,245,126,118,238,103,104,210,122,121,245,103,133,240,586,590,1177,96,83,178,89,82,169,85,59,149,91,62,150,59,72,127,418,354,773,235,225,458,95,142,236,49,75,128,3,27,31,0,9,9,8586,8782,17368
LGA23430,1988,994,1050,2049,935,1009,1950,1010,991,1997,957,1055,2013,4856,5139,9994,906,1038,1943,880,996,1877,872,962,1840,864,926,1785,817,952,1769,4337,4876,9216,847,891,1738,796,849,1649,761,870,1628,706,850,1555,670,840,1508,3774,4307,8080,690,802,1485,663,773,1431,648,799,1442,650,781,1428,666,846,1513,3311,4001,7307,553,666,1222,547,695,1237,485,599,1093,430,549,982,449,524,971,2456,3046,5503,1796,2241,4034,1034,1574,2608,474,883,1356,112,264,372,5,51,65,76656,81476,158129
LGA23670,2082,1006,1075,2085,985,1051,2035,1039,1146,2185,1072,1151,2225,5092,5518,10617,1031,1092,2120,925,1061,1987,947,995,1944,909,1026,1933,931,998,1925,4745,5167,9913,876,956,1836,812,942,1759,787,897,1688,782,881,1660,769,908,1675,4031,4582,8618,734,863,1589,733,762,1498,673,780,1457,675,756,1425,674,740,1414,3487,3894,7381,524,599,1118,529,626,1157,471,552,1025,416,531,954,418,493,910,2356,2799,5154,1689,2050,3742,884,1274,2152,357,698,1051,84,210,294,13,27,46,77940,81164,159103
LGA23810,992,501,545,1049,509,540,1046,528,579,1107,538,583,1121,2537,2782,5314,533,537,1075,548,591,1137,516,571,1091,482,572,1061,492,494,991,2581,2767,5346,506,561,1069,473,513,982,489,463,952,469,510,979,470,492,956,2407,2539,4941,487,444,939,424,425,854,439,443,880,402,418,823,412,474,889,2170,2211,4376,342,387,730,279,315,592,316,285,599,288,279,565,229,265,498,1450,1532,2986,932,1145,2078,493,672,1164,223,391,611,34,121,150,3,12,18,37817,39510,77318
LGA23940,114,53,62,122,57,61,115,60,68,125,56,73,130,286,322,609,93,70,159,99,66,165,97,77,172,78,71,141,74,59,136,436,346,781,72,53,129,77,77,151,53,69,120,85,70,158,64,61,122,353,326,679,79,42,122,62,61,125,58,59,118,61,68,129,79,48,124,341,276,620,60,39,100,47,38,87,43,45,85,44,26,71,29,31,61,224,178,401,126,120,244,76,103,182,33,57,87,15,17,36,0,0,0,3923,3836,7759
LGA24130,657,365,356,720,375,400,774,351,377,724,346,355,699,1747,1830,3574,373,367,742,336,311,648,326,329,655,356,378,730,320,335,656,1715,1722,3432,286,314,598,292,322,612,322,293,617,321,346,667,250,295,553,1472,1570,3043,279,308,593,261,294,554,279,295,572,302,281,583,287,314,604,1405,1490,2895,256,211,465,227,214,441,181,194,378,148,155,305,179,165,337,983,945,1925,554,517,1070,238,313,554,105,155,253,22,57,84,0,8,10,25353,26111,51458
LGA24210,1734,745,840,1586,793,874,1668,776,874,1649,754,873,1625,3880,4388,8265,802,817,1618,715,822,1541,724,804,1531,687,771,1464,701,808,1506,3631,4023,7652,681,747,1426,650,765,1415,623,707,1329,548,672,1220,599,670,1270,3104,3568,6664,555,697,1252,558,700,1257,540,681,1224,589,704,1287,608,769,1373,2848,3551,6399,526,630,1154,483,679,1162,516,602,1123,487,559,1048,483,534,1017,2499,3008,5508,2123,2521,4645,1273,1532,2806,534,836,1370,117,214,331,15,50,58,60324,64374,124700
LGA24250,140,64,76,135,70,92,159,88,72,161,96,73,166,372,388,754,90,106,197,87,98,182,86,94,176,95,103,197,94,94,189,447,496,941,96,87,183,98,86,187,85,67,156,92,79,176,86,86,173,458,416,873,73,97,169,77,72,151,82,63,147,77,68,147,82,76,156,394,379,768,61,37,99,51,46,101,49,43,90,52,41,92,44,45,86,252,222,475,137,148,285,54,92,148,37,33,68,3,15,20,0,3,3,5012,5165,10178
LGA24330,931,428,406,834,392,468,862,401,372,774,461,442,901,2141,2161,4305,400,437,836,416,401,823,388,435,819,342,409,752,357,330,686,1906,2013,3917,366,359,720,310,318,627,290,301,588,293,276,572,222,283,503,1479,1531,3011,248,265,511,214,229,446,209,230,434,196,220,411,206,229,434,1067,1172,2244,158,173,329,152,165,313,135,158,291,131,148,277,111,140,250,684,777,1462,515,699,1217,305,494,797,156,258,418,38,89,123,3,6,6,42713,42498,85209
LGA24410,1376,674,739,1414,690,770,1455,688,764,1451,683,725,1402,3350,3751,7100,644,705,1346,671,678,1353,626,710,1328,595,667,1260,593,623,1216,3134,3382,6513,555,655,1210,546,610,1149,510,593,1109,504,570,1072,486,584,1070,2601,3009,5608,481,620,1097,423,567,994,448,558,1015,449,561,1007,473,576,1046,2277,2877,5152,405,503,913,374,439,813,362,458,820,299,372,672,302,401,700,1743,2172,3915,1135,1533,2663,689,1047,1734,290,574,866,72,180,253,5,29,35,55688,59351,115043
LGA24600,1031,459,486,946,476,517,993,493,499,997,477,490,964,2412,2516,4930,492,446,935,381,426,810,467,446,916,393,420,812,412,426,831,2149,2162,4309,374,374,745,369,414,781,354,362,717,314,352,668,290,322,616,1704,1823,3535,324,364,682,295,321,621,286,288,574,288,285,575,300,296,602,1495,1557,3059,239,238,482,210,223,427,193,184,383,165,134,301,150,171,319,960,952,1911,597,636,1232,275,376,650,137,247,389,45,87,130,3,13,13,74423,75195,149615
LGA24650,1738,826,834,1654,831,818,1650,744,793,1535,787,792,1575,4041,4112,8158,764,756,1516,639,781,1424,681,716,1394,609,728,1341,630,640,1267,3328,3625,6951,605,667,1277,624,646,1268,551,662,1212,573,603,1178,506,574,1084,2864,3153,6016,481,574,1058,503,512,1013,474,474,948,419,434,851,381,475,858,2256,2475,4733,381,345,727,301,317,616,262,257,520,258,219,480,201,232,433,1399,1374,2768,754,798,1551,285,464,743,128,193,323,25,44,70,3,11,16,89280,89678,178960
LGA24780,697,334,382,716,348,360,705,341,376,724,345,398,743,1733,1857,3590,396,419,815,374,382,753,395,348,751,372,385,756,346,371,717,1886,1903,3787,314,349,658,319,346,663,288,333,623,332,301,636,309,284,591,1563,1606,3167,275,325,601,317,310,626,290,290,577,270,292,561,308,293,599,1456,1512,2967,238,212,452,233,215,440,186,189,372,168,149,313,203,216,419,1017,976,1995,657,851,1513,353,558,910,175,269,442,43,113,151,0,17,24,28040,28932,56972
LGA24850,626,269,307,572,293,323,613,321,316,633,298,313,613,1528,1542,3059,341,314,654,301,327,626,269,260,528,275,282,558,244,259,495,1427,1436,2863,269,266,538,264,258,515,241,222,461,232,229,462,235,214,444,1239,1186,2427,201,211,417,217,230,447,217,190,405,185,202,383,210,208,410,1028,1033,2061,158,139,300,158,160,311,128,152,284,129,128,257,117,132,249,692,707,1402,385,402,786,178,279,455,80,140,220,17,27,48,0,3,3,24921,24536,49460
LGA24900,387,212,199,415,210,192,406,201,242,447,217,244,465,1022,1087,2110,227,238,461,232,213,446,227,249,476,234,236,466,229,208,440,1150,1144,2290,223,213,436,219,242,457,248,247,499,235,231,466,244,223,463,1169,1154,2322,216,223,438,235,252,485,216,199,421,215,238,460,223,234,455,1109,1148,2259,216,168,379,168,160,327,169,146,310,134,154,291,150,148,296,841,774,1616,554,568,1124,286,363,643,115,192,302,35,54,88,6,9,13,15234,15286,30522
LGA24970,2147,973,1080,2059,1053,1148,2203,1130,1057,2190,915,1023,1934,5140,5390,10532,963,1005,1964,938,1041,1979,896,931,1825,890,977,1864,798,967,1763,4481,4918,9399,854,1005,1856,822,941,1759,784,865,1653,698,887,1587,738,883,1620,3896,4574,8471,731,893,1625,670,796,1474,717,843,1556,687,820,1509,759,881,1640,3567,4236,7804,629,774,1411,640,756,1395,615,706,1321,537,649,1188,609,725,1335,3028,3615,6645,2508,3112,5623,1589,2130,3722,749,1174,1922,169,329,503,15,50,68,94841,95556,190397
LGA25060,1565,736,786,1523,678,752,1435,715,722,1438,663,739,1398,3577,3783,7364,688,780,1461,653,688,1342,675,737,1413,580,688,1268,570,679,1245,3167,3566,6734,632,658,1289,518,624,1143,524,624,1144,536,566,1098,512,576,1087,2713,3050,5769,502,549,1051,453,567,1018,453,531,983,447,580,1027,472,551,1026,2328,2771,5103,433,441,872,373,382,750,320,426,742,309,447,759,308,412,719,1733,2106,3839,1314,1762,3074,804,1193,2002,369,581,955,90,198,285,7,31,37,59191,62666,121851
LGA25150,432,235,247,482,241,249,485,248,277,524,252,239,491,1204,1208,2410,238,260,497,225,206,434,194,247,437,205,225,433,203,227,431,1060,1165,2227,190,224,413,186,203,390,189,194,386,222,214,431,194,202,397,988,1032,2020,193,204,402,165,190,361,178,182,358,207,173,379,184,192,383,931,942,1876,143,137,273,133,130,257,131,130,257,76,122,208,110,109,217,591,623,1211,311,342,652,151,226,380,53,124,184,19,46,62,0,4,4,18641,18991,37632
LGA25250,1731,818,838,1657,828,932,1764,889,896,1779,822,813,1636,4192,4379,8566,759,851,1613,701,821,1524,686,730,1415,663,715,1375,614,695,1310,3427,3816,7241,590,685,1278,571,636,1210,479,632,1113,517,558,1065,497,548,1051,2653,3059,5714,475,572,1045,465,527,988,448,525,974,415,548,966,377,527,908,2179,2697,4877,402,436,836,336,477,809,344,452,799,307,377,686,317,374,693,1704,2118,3817,1456,2306,3763,1114,1705,2821,540,933,1468,124,228,356,10,24,33,83446,87909,171357
LGA25340,2152,1060,1185,2244,1036,1212,2248,1163,1173,2331,1118,1252,2367,5453,5885,11335,1119,1235,2354,1086,1302,2392,1168,1279,2446,1044,1275,2317,1081,1273,2355,5508,6360,11865,1139,1271,2408,1162,1299,2461,1048,1262,2305,1163,1254,2412,1118,1258,2376,5621,6348,11965,1085,1302,2389,1166,1244,2415,1085,1244,2333,1122,1315,2428,1231,1362,2590,5689,6463,12153,1024,1168,2191,943,1062,2004,891,1072,1964,796,897,1691,798,911,1711,4458,5104,9562,2924,3348,6271,1647,2050,3698,742,1060,1802,152,304,462,23,51,67,81681,87267,168948
LGA25430,296,132,174,303,131,161,294,168,177,346,143,185,332,719,850,1570,176,167,337,146,162,310,184,198,377,162,187,350,195,163,347,857,867,1728,174,165,340,183,157,340,180,205,384,179,189,363,184,179,367,895,900,1794,169,184,351,146,161,305,138,158,296,144,144,289,154,162,319,752,804,1559,122,111,232,121,132,254,87,110,200,105,108,207,80,95,173,506,554,1063,322,372,692,159,215,371,80,123,197,24,53,76,0,6,4,10105,10150,20253
LGA25490,263,109,127,240,132,140,266,135,134,263,129,161,293,623,696,1319,146,130,273,121,118,246,119,142,265,127,147,276,118,123,243,633,661,1287,133,112,244,147,138,285,127,130,259,137,128,267,139,112,246,684,626,1306,111,115,226,120,104,220,111,99,205,108,90,194,104,112,221,553,523,1072,92,72,162,82,69,154,61,69,135,44,60,100,49,63,111,334,330,659,200,207,404,95,120,214,38,95,133,3,28,29,3,0,5,8592,8780,17374
LGA25620,242,117,136,251,121,99,220,132,124,255,148,130,280,623,621,1241,147,138,281,152,128,285,141,134,276,146,145,284,132,145,272,718,691,1406,147,112,255,125,146,275,150,136,292,131,120,249,133,89,219,680,607,1285,124,94,222,112,125,240,114,108,221,118,103,222,109,117,222,579,543,1123,115,83,198,106,74,176,113,64,180,58,53,112,57,57,115,451,331,783,208,214,420,103,114,217,40,59,95,7,21,30,0,3,3,7822,7378,15197
LGA25710,876,421,477,899,474,505,976,498,533,1027,468,469,939,2276,2441,4714,474,498,970,491,432,923,437,456,893,439,467,910,429,449,878,2272,2303,4572,396,414,810,368,399,767,327,364,696,369,401,768,356,330,682,1819,1906,3725,295,344,639,279,319,601,292,308,596,280,237,516,292,275,571,1436,1486,2919,235,242,468,210,194,404,182,203,385,151,159,305,174,174,351,946,963,1913,503,491,994,206,301,510,106,174,277,26,63,86,0,0,4,31101,31794,62895
LGA25810,191,91,86,174,79,94,170,98,89,185,89,107,195,435,476,915,106,97,203,112,96,212,101,107,203,85,77,165,108,85,194,515,465,977,94,101,199,74,94,169,95,105,202,116,78,198,99,82,188,482,467,946,90,86,173,104,95,197,83,93,178,72,80,151,88,68,156,443,416,859,61,81,141,67,63,128,63,68,132,67,46,112,70,59,130,329,319,644,174,206,376,93,123,220,38,86,126,8,25,34,3,4,8,5989,5963,11948
LGA25900,1268,560,647,1208,615,662,1283,646,596,1243,628,584,1215,3117,3093,6211,620,588,1209,567,575,1146,555,527,1085,478,491,971,464,518,980,2680,2709,5389,453,487,936,461,437,899,425,407,826,393,430,828,419,383,806,2143,2142,4289,369,396,769,331,417,756,346,378,720,340,380,717,401,407,809,1792,1980,3772,323,310,625,281,322,601,272,273,548,198,192,387,228,231,458,1300,1325,2626,755,889,1646,378,522,898,167,269,439,49,81,127,3,5,4,49702,52238,101942
LGA25990,108,63,55,118,66,54,123,53,56,108,54,60,118,296,276,575,72,51,129,63,60,121,72,65,142,72,54,126,73,64,134,354,299,655,64,67,129,63,56,121,73,60,136,87,73,165,68,57,126,362,325,681,77,61,143,74,59,132,60,45,111,59,53,112,75,49,122,346,267,617,60,39,102,40,29,67,43,43,86,31,37,68,34,32,71,214,179,397,108,99,208,73,61,132,8,30,43,5,11,15,0,0,0,4000,3671,7671
LGA26080,48,11,24,34,15,28,40,25,33,56,31,39,71,103,146,255,23,34,54,25,20,50,32,37,69,35,27,65,39,52,87,143,171,324,49,48,93,45,47,87,38,41,78,35,46,79,45,41,85,210,217,426,40,33,72,37,41,87,39,37,74,34,40,69,34,33,73,187,186,377,30,31,57,25,40,60,42,34,74,26,29,54,21,23,41,134,158,293,95,121,217,56,54,109,18,32,51,3,6,11,0,0,0,1550,1725,3276
LGA26170,398,216,256,474,215,230,452,241,242,487,245,243,486,1121,1172,2291,257,274,533,242,300,540,239,258,498,228,252,482,239,248,491,1207,1340,2546,273,257,524,226,251,472,240,244,485,242,281,518,270,245,512,1245,1272,2518,259,218,477,223,247,461,235,237,473,200,237,434,244,209,447,1155,1145,2299,167,156,324,177,165,345,173,159,331,127,129,257,120,133,251,758,745,1503,463,483,951,218,297,516,108,156,259,21,46,67,0,6,5,15117,15455,30577
LGA26260,216,120,110,225,89,120,206,119,145,266,139,119,258,559,608,1169,99,150,253,115,127,245,138,133,267,123,123,246,118,107,225,589,640,1230,126,131,257,123,122,249,124,135,260,106,150,253,115,124,235,597,658,1251,125,104,231,109,105,212,122,107,238,89,117,210,114,89,202,560,528,1089,101,114,212,91,78,170,53,100,152,89,71,161,63,73,131,394,432,827,231,292,526,142,214,350,65,120,181,9,36,42,0,8,9,8126,8457,16588
LGA26350,1056,581,621,1199,528,582,1112,548,617,1166,522,540,1066,2694,2906,5595,528,552,1079,466,547,1013,476,528,1002,479,556,1039,452,495,950,2409,2679,5086,408,508,915,404,531,938,413,508,916,382,516,898,442,471,912,2041,2537,4579,376,473,845,364,486,849,380,431,811,402,509,911,435,541,978,1957,2445,4398,366,430,790,329,415,745,312,360,675,283,317,601,283,349,636,1568,1877,3447,1147,1476,2630,601,1000,1604,339,515,857,85,173,259,8,25,30,49893,54806,104703
LGA26430,178,87,75,159,82,88,162,86,82,167,90,101,189,424,437,860,105,127,233,96,127,221,100,97,198,102,123,227,104,106,212,507,577,1084,109,102,210,116,103,221,110,90,198,134,119,253,93,108,205,567,520,1082,112,105,222,119,83,208,103,103,207,97,81,179,95,93,192,534,470,1005,77,65,145,77,83,158,49,68,120,49,53,104,51,67,118,307,334,643,238,191,425,112,134,250,54,89,146,7,29,35,0,7,7,5687,5771,11455
LGA26490,453,260,247,507,212,216,429,230,273,504,246,272,518,1163,1247,2414,246,239,486,233,278,511,256,278,534,234,248,483,256,260,517,1220,1309,2527,276,277,551,235,256,491,224,246,466,222,240,465,253,230,479,1200,1242,2447,264,219,482,196,238,432,216,214,428,230,209,432,206,197,400,1105,1076,2181,172,162,337,142,133,272,124,139,267,128,127,255,97,111,210,663,671,1339,363,400,762,191,257,447,71,147,227,21,46,66,0,3,3,18604,19087,37694
LGA26610,268,133,115,248,147,153,298,155,155,306,179,147,326,747,701,1444,151,135,286,151,113,265,152,124,279,134,156,285,152,138,289,736,675,1409,133,118,248,136,133,268,117,110,228,104,125,224,129,100,228,617,584,1205,128,99,224,111,117,222,95,107,204,108,80,195,102,104,205,541,506,1050,69,94,162,90,93,178,62,68,129,56,77,138,70,65,131,347,394,743,253,323,576,138,225,362,71,105,175,16,48,61,0,3,3,10748,10652,21403
LGA26670,91,54,59,114,66,52,117,49,46,92,55,61,114,267,261,530,48,64,112,66,52,122,61,49,110,64,47,116,64,68,133,304,281,583,58,36,90,62,58,114,69,62,122,53,49,100,52,54,107,290,259,548,54,47,101,47,48,99,58,45,104,43,40,82,47,53,100,258,225,480,38,39,75,36,42,81,28,30,61,26,22,46,40,25,66,172,161,333,107,94,203,51,62,115,26,44,72,4,14,16,0,5,5,3166,3059,6223
LGA26700,387,174,197,375,203,208,415,192,216,413,216,219,433,983,1034,2017,179,223,404,193,241,433,207,224,430,210,206,417,186,239,424,980,1134,2111,230,206,433,196,219,409,199,182,385,215,216,434,160,174,334,1001,1006,2009,191,176,371,194,200,397,197,206,402,173,166,343,158,187,342,915,940,1853,176,154,329,117,169,288,126,147,267,107,151,251,109,140,245,632,755,1388,472,521,991,217,344,569,122,177,300,23,57,78,0,3,8,14384,15425,29808
LGA26730,446,207,226,435,219,234,456,195,266,460,211,267,474,1047,1223,2270,224,244,465,187,270,460,233,253,484,217,247,465,206,247,454,1066,1258,2322,216,229,448,198,243,441,220,242,459,191,213,402,200,203,405,1028,1125,2157,173,237,407,168,218,386,184,196,382,162,194,351,197,194,390,886,1035,1924,138,179,315,146,162,306,128,127,261,121,143,264,106,147,253,644,759,1404,402,558,959,246,410,656,120,200,322,19,63,82,4,7,12,17033,18369,35406
LGA26810,560,289,300,588,333,292,618,330,379,708,337,338,676,1587,1573,3159,330,385,715,367,362,726,341,355,693,347,359,712,319,346,663,1705,1806,3510,357,358,717,305,353,661,351,359,711,322,337,659,362,289,650,1701,1698,3401,322,302,622,333,339,672,325,288,606,305,261,565,302,265,563,1584,1449,3030,218,215,434,217,218,433,166,204,375,151,177,328,160,145,302,910,958,1871,578,658,1237,273,354,627,117,196,312,28,60,83,3,9,13,22995,22653,45639
LGA26890,61,30,32,68,36,40,80,38,38,74,35,30,60,166,170,342,43,28,69,35,36,69,39,35,75,36,36,77,33,22,59,187,160,351,43,31,73,38,36,71,35,34,66,25,30,56,29,30,60,170,155,321,34,18,44,34,36,71,29,27,53,32,26,57,42,26,71,161,131,294,16,9,31,5,28,35,22,16,35,18,19,36,17,19,36,87,87,176,67,78,151,29,52,84,18,27,42,3,13,12,0,0,0,2012,1997,4006
LGA26980,1946,915,976,1895,937,1016,1957,992,1017,2007,879,1033,1915,4656,5065,9725,884,1011,1897,862,959,1818,822,901,1726,855,947,1804,818,930,1751,4240,4752,8996,788,890,1682,771,882,1645,717,846,1564,717,927,1637,687,814,1498,3676,4357,8036,671,811,1484,646,779,1427,635,767,1401,636,761,1396,675,836,1514,3264,3961,7223,570,654,1224,530,638,1172,506,697,1207,455,640,1092,479,627,1108,2536,3259,5801,2017,2812,4832,1281,1919,3198,630,1122,1753,143,330,476,11,32,44,81917,87430,169346
LGA27070,2466,1159,1202,2362,1124,1233,2360,1157,1249,2407,1069,1191,2262,5716,6143,11858,1109,1249,2360,1056,1129,2187,953,1208,2162,945,1104,2046,977,1043,2022,5040,5737,10770,906,1108,2019,902,1026,1931,836,968,1810,840,924,1761,785,918,1706,4268,4952,9220,734,879,1608,788,876,1662,748,833,1583,762,850,1614,720,779,1504,3755,4211,7969,557,654,1211,569,583,1153,512,572,1088,491,505,994,399,486,884,2531,2798,5329,1651,2022,3672,945,1277,2217,314,556,874,56,158,219,4,20,20,113834,115556,229396
LGA27170,526,245,264,510,193,246,439,277,273,549,286,293,575,1263,1342,2605,242,280,521,234,271,510,228,261,487,214,238,453,210,252,461,1131,1303,2434,224,265,494,253,274,529,227,229,458,230,260,489,207,236,444,1146,1275,2416,197,232,434,227,232,462,181,207,388,191,202,389,210,187,397,1009,1065,2080,150,166,320,155,181,335,100,144,245,126,127,254,105,124,236,637,753,1388,409,543,951,221,282,506,81,192,267,22,44,68,3,4,5,21064,22183,43253
LGA27260,2468,1153,1267,2422,1194,1195,2390,1153,1238,2392,1141,1101,2242,5862,6046,11914,1079,1130,2216,1050,1093,2146,937,1046,1988,911,1053,1965,808,986,1794,4790,5312,10100,893,944,1836,836,896,1734,793,826,1619,741,828,1572,647,711,1358,3914,4210,8124,715,731,1445,561,665,1228,556,659,1218,589,603,1194,600,615,1210,3021,3275,6294,459,468,928,389,425,821,382,405,789,294,370,663,276,310,581,1806,1979,3780,1036,1241,2282,456,720,1177,174,362,532,27,99,126,5,13,19,147444,144566,292011
LGA27350,949,480,439,921,498,429,930,437,408,847,433,373,809,2341,2110,4454,425,451,876,396,416,817,404,402,808,373,373,746,343,395,732,1937,2036,3972,333,412,741,335,360,696,303,357,657,282,324,604,277,292,566,1521,1741,3263,306,318,626,277,308,591,250,293,540,287,325,612,254,310,567,1376,1558,2931,212,245,454,161,248,408,191,178,367,182,211,386,144,190,333,886,1068,1956,536,711,1246,311,488,805,132,224,356,35,65,102,0,9,11,43993,46125,90114
LGA27450,1970,1024,1049,2071,969,1049,2018,1007,1130,2143,1031,1100,2135,4990,5341,10326,1041,1065,2118,951,1023,1967,949,989,1929,936,1012,1949,983,993,1979,4857,5083,9946,872,930,1804,823,940,1765,806,881,1688,812,889,1695,779,889,1665,4085,4523,8607,792,872,1664,732,877,1611,703,745,1446,709,761,1469,742,813,1560,3680,4066,7750,621,684,1303,559,590,1150,519,564,1080,492,474,960,467,422,884,2648,2729,5380,1480,1685,3168,699,951,1655,316,484,796,57,140,200,8,16,24,77188,78878,156068
LGA27630,90,41,45,85,52,56,106,56,57,115,69,54,123,268,259,527,72,51,119,61,66,124,59,56,116,60,54,117,70,51,122,323,281,599,60,60,115,60,52,113,52,44,98,48,60,105,53,53,102,277,261,534,47,41,89,49,47,101,41,34,74,50,45,96,50,53,102,247,226,469,36,32,64,44,46,88,34,39,69,39,36,73,34,42,78,186,190,375,109,134,244,88,83,176,23,65,84,12,22,33,0,0,0,3327,3232,6556
LGA29399,7,8,6,8,6,3,7,9,5,11,4,7,13,25,26,50,0,3,6,4,3,6,4,0,4,0,3,7,0,7,4,13,15,31,6,4,8,4,0,5,0,0,9,3,4,11,3,4,9,20,11,38,0,7,8,3,0,7,4,0,3,0,0,3,5,0,5,11,13,25,0,3,5,0,0,0,0,0,4,0,0,6,3,0,3,6,5,13,4,0,7,0,5,8,0,0,0,0,0,0,0,0,0,496,463,955
LGA29499,145,56,43,92,56,42,98,59,46,104,82,41,120,353,212,563,75,49,126,51,47,100,61,46,105,56,39,98,48,41,87,288,217,511,71,33,102,52,35,80,46,36,84,64,21,88,37,20,58,271,141,418,35,16,51,17,19,42,25,9,37,16,13,26,25,14,34,116,74,194,31,14,44,15,15,24,8,8,20,12,8,18,12,0,15,70,42,120,20,14,34,7,14,26,5,0,3,0,3,3,0,0,0,5170,3915,9089
LGA29799,0,5,6,9,0,0,0,0,0,0,0,0,0,5,6,9,0,0,0,0,0,0,3,0,3,0,0,0,3,0,3,6,0,6,0,0,0,5,0,5,0,0,0,0,0,0,0,0,0,5,0,5,0,0,0,0,0,0,0,0,0,0,0,0,0,0,0,0,0,0,0,0,0,0,0,0,0,0,0,0,0,0,0,0,0,0,0,0,0,0,0,0,0,0,0,0,0,0,0,0,0,0,0,36,6,38
